raw_db,raw_schema,raw_table,ops,n_files,sample_files
,,a,update=427,89,etl/Juicebox Reporting/sp_JuiceReporting_extract_Email_Contact_Attempts.sql | etl/Juicebox Reporting/sp_JuiceReporting_extract_analytics_driver_matchbacks.sql | etl/Juicebox Reporting/sp_JuiceReporting_transaction_summary_new.sql | etl/Juicebox Reporting/sp_insert_JuiceReporting_BlueSkyOverview.sql | etl/Juicebox Reporting/sp_insert_JuiceReporting_BlueSkyReccomendations.sql
,,source_crm_el_service,delete=1;update=2,1,etl/SSIS/CRM/sp_insert_prestaging_CRM_EL_Service_dev.sql
,,prestaging_crm_el_service_2,update=8,2,etl/SSIS/CRM/sp_insert_prestaging_CRM_EL_Service.sql | etl/SSIS/CRM/sp_insert_prestaging_CRM_EL_Service_dev.sql
,,crm_dms_recipient_matches,insert=2,2,etl/SSIS/CRM/sp_insert_CRM_DMS_Recipient_Matches.sql | etl/SSIS/DMS/sp_insert_CRM_DMS_Recipient_Matches.sql
,,source_crm_vs2_sales,update=5,1,etl/SSIS/CRM/sp_insert_prestaging_CRM_VS2_Sales_dev.sql
,,prestaging_crm_vs2_sales_2,update=2,2,etl/SSIS/CRM/sp_insert_prestaging_CRM_VS2_Sales.sql | etl/SSIS/CRM/sp_insert_prestaging_CRM_VS2_Sales_dev.sql
,,prestaging_crm_el_leads_daily_2,update=10,2,etl/SSIS/CRM/sp_insert_prestaging_CRM_EL_Leads_Daily.sql | etl/SSIS/CRM/sp_insert_prestaging_CRM_EL_Leads_Daily_dev.sql
,,source_crm_tk_leads,update=1,1,etl/SSIS/CRM/sp_insert_prestaging_CRM_TK_Leads_dev.sql
,,prestaging_crm_el_sales_2,update=8,2,etl/SSIS/CRM/sp_insert_prestaging_CRM_EL_Sales.sql | etl/SSIS/CRM/sp_insert_prestaging_CRM_EL_Sales_dev.sql
,,prestaging_crm_vs2_service_2,update=2,2,etl/SSIS/CRM/sp_insert_prestaging_CRM_VS2_Service.sql | etl/SSIS/CRM/sp_insert_prestaging_CRM_VS2_Service_dev.sql
,,source_crm_el_sales,delete=1;update=2,1,etl/SSIS/CRM/sp_insert_prestaging_CRM_EL_Sales_dev.sql
,,prestaging_crm_2,insert=2,2,etl/SSIS/CRM/sp_insert_staging_CRM.sql | etl/SSIS/CRM/sp_insert_staging_CRM_backup.sql
,,lookup_crm_emailaddress_key,merge=2,2,etl/SSIS/CRM/sp_insert_staging_CRM.sql | etl/SSIS/CRM/sp_insert_staging_CRM_backup.sql
,,source_crm_ol_leads,update=1,1,etl/SSIS/CRM/sp_insert_prestaging_CRM_OL_Leads_dev.sql
,,source_crm_ds_leads_daily,delete=1,1,etl/SSIS/CRM/sp_insert_prestaging_CRM_DS_Leads_Daily_dev.sql
,,source_crm_el_leads_daily,delete=1;update=2,1,etl/SSIS/CRM/sp_insert_prestaging_CRM_EL_Leads_Daily_dev.sql
,,source_crm_vs2_service,update=3,1,etl/SSIS/CRM/sp_insert_prestaging_CRM_VS2_Service_dev.sql
,,source_crm_rr_leads,delete=1;update=1,1,etl/SSIS/CRM/sp_insert_prestaging_CRM_RR_Leads_dev.sql
,,prestaging_crm_el_leads_2,update=6,1,etl/SSIS/CRM/sp_insert_prestaging_CRM_EL_Leads.sql
,,t,update=3,2,etl/Juicebox Reporting/sp_insert_JuiceReporting_BSR_equity.sql | etl/SSIS/CRM/sp_insert_staging_CRM_backup.sql
,,analytics_bluesky_recommendations,insert=1;update=1,1,etl/SSIS/BlueSky/sp_extract_Analytics_BlueSky_Recommendations.sql
edw_target,dbo,analytics_bluesky_recommendations,select_into=1,1,etl/SSIS/BlueSky/sp_extract_Analytics_BlueSky_Recommendations.sql
,,analytics_bluesky_willreceivemessaging,insert=2,2,etl/SSIS/BlueSky/sp_insert_Analytics_BlueSky_WillReceiveMessaging.sql | etl/SSIS/BlueSky/sp_insert_BlueSky_WillReceiveMessaging.sql
,,analytics_bluesky_contact,insert=1,1,etl/SSIS/BlueSky/sp_insert_Analytics_BlueSky_Contact.sql
,,analytics_bluesky_lifecycleposition,insert=1,1,etl/SSIS/BlueSky/sp_insert_Analytics_BlueSky_LifecyclePosition.sql
,,analytics_bluesky_streammessages,insert=1,1,etl/SSIS/BlueSky/sp_insert_Analytics_BlueSky_StreamMessages.sql
,,analytics_bluesky_productengagement,insert=2,1,etl/SSIS/BlueSky/sp_insert_Analytics_BlueSky_ProductEngagement.sql
,,analytics_bluesky_customervehicle,insert=1,1,etl/SSIS/BlueSky/sp_insert_Analytics_BlueSky_CustomerVehicle.sql
,,analytics_bluesky_engagement,insert=1,1,etl/SSIS/BlueSky/sp_insert_Analytics_BlueSky_Engagement.sql
,,c,update=16,6,etl/SSIS/CVH/sp_insert_FuelType_CVH.sql | etl/SSIS/CVH/sp_insert_staging_CVH.sql | etl/SSIS/CVH/sp_insert_staging_CVH_clientwise.sql | etl/SSIS/CVH/sp_update_CVH_states.sql | etl/SSIS/CVH/sp_update_FuelType_CVH.sql
,,cvh,update=16,5,etl/SSIS/CVH/sp_insert_staging_CVH.sql | etl/SSIS/CVH/sp_insert_staging_CVH_clientwise.sql | etl/SSIS/CVH/sp_update_CVH_cellphone.sql | etl/SSIS/CVH/sp_update_CVH_states.sql | etl/SSIS/CVH/sp_update_cvh_LeasePenaltyFrom.sql
,,staging_cvh,delete=22;update=4,2,etl/SSIS/CVH/sp_insert_staging_CVH.sql | etl/SSIS/CVH/sp_insert_staging_CVH_clientwise.sql
,,cvh_lease_records,insert=1,1,etl/SSIS/CVH/sp_insert_staging_CVH.sql
edw_target,dbo,juicereporting_logs,insert=1,1,etl/SSIS/CVH/sp_insert_staging_CVH.sql
,,source_inventory_vehicle,select_into=1,1,etl/SSIS/CVH/sp_insert_Inventory_CVH.sql
,,source_inventory_media,select_into=1,1,etl/SSIS/CVH/sp_insert_Inventory_CVH.sql
,,source_inventory_make,select_into=1,1,etl/SSIS/CVH/sp_insert_Inventory_CVH.sql
,,source_inventory_model,select_into=1,1,etl/SSIS/CVH/sp_insert_Inventory_CVH.sql
,,source_inventory_trim,select_into=1,1,etl/SSIS/CVH/sp_insert_Inventory_CVH.sql
,,source_inventory_bodystyle,select_into=1,1,etl/SSIS/CVH/sp_insert_Inventory_CVH.sql
,,staging_dms_declined_service_flattened,delete=1;insert=1,1,etl/SSIS/DMS/sp_insert_staging_DMS_Declined_Services.sql
,,fact_declined_service,delete=1;insert=1,1,etl/SSIS/DMS/sp_insert_staging_DMS_Declined_Services.sql
,dbo,source_dms_sales,insert=10,1,etl/SSIS/DMS/sp_insert_prestaging_DMS_Sales.sql
,,sales_source_count,insert=1,1,etl/SSIS/DMS/sp_insert_prestaging_DMS_Sales.sql
edw_staging,dbo,vin_lookup_table,insert=4,3,etl/SSIS/DMS/sp_insert_prestaging_DMS_Appointment.sql | etl/SSIS/DMS/sp_insert_prestaging_DMS_Sales.sql | etl/SSIS/DMS/sp_insert_prestaging_DMS_Service.sql
,,source_dms_sales,update=6,1,etl/SSIS/DMS/sp_insert_prestaging_DMS_Sales.sql
,,cdkapi-sales,update=2,1,etl/SSIS/DMS/sp_insert_prestaging_DMS_Sales.sql
,,source_dms_appointment,update=3,1,etl/SSIS/DMS/sp_insert_prestaging_DMS_Appointment.sql
,,cdkapi-appointments,delete=2,1,etl/SSIS/DMS/sp_insert_prestaging_DMS_Appointment.sql
,dbo,staging_alteryx_dms_addresses,insert=1,1,etl/SSIS/DMS/sp_insert_Alteryx_DMS_Addresses.sql
,,staging_dms_fact_sales,insert=1,1,etl/SSIS/DMS/sp_insert_staging_DMS.sql
,,cte,delete=5,1,etl/SSIS/DMS/sp_insert_staging_DMS.sql
,,dms_fact_sales,update=7,1,etl/SSIS/DMS/sp_update_DMS_Fact_CellPhone.sql
,,dms_fact_services,update=11,1,etl/SSIS/DMS/sp_update_DMS_Fact_CellPhone.sql
,,dms_fact_appointment,update=3,1,etl/SSIS/DMS/sp_update_DMS_Fact_CellPhone.sql
,dbo,source_dms_service,insert=10,1,etl/SSIS/DMS/sp_insert_prestaging_DMS_Service.sql
,,source_dms_service,update=3,1,etl/SSIS/DMS/sp_insert_prestaging_DMS_Service.sql
,,cdkapi-service,update=2,1,etl/SSIS/DMS/sp_insert_prestaging_DMS_Service.sql
,,pre1,update=2,1,etl/SSIS/DMS/sp_insert_prestaging_DMS_Service.sql
,,source_clientdb_clientdetails,insert=1,1,etl/SSIS/Email/sp_reset_Email.sql
,,juicereporting_twilio_contact_attempts,select_into=1,1,etl/SSIS/Email/sp_reset_Email.sql
3bhs001,clientdb,dbo,delete=1,1,etl/SSIS/Email/sp_reset_Email.sql
,,source_clientdb_emaildeliverysuccesses,delete=1,1,etl/SSIS/Email/sp_reset_Email.sql
,,source_clientdb_emaildeliveryfailures,delete=1,1,etl/SSIS/Email/sp_reset_Email.sql
,dbo,juicereporting_clientsoemparentgroups,select_into=1,1,etl/SSIS/Email/SP_Insert_JuiceReporting_ClientsOEMParentGroups.sql
edw_target,dbo,mileone_emailsummary,select_into=1,1,etl/SSIS/Email/sp_adhoc_MileOne_EmailSummary.sql
,,email_contact_attempts,delete=1,1,etl/SSIS/Email/sp_upsert_Email_Contact_Attempts.sql
,,analytics_matchbacks_60,insert=3,1,etl/SSIS/Email/sp_insert_Analytics_MatchBacks_60.sql
,,vehicle_valuation,insert=1;merge=1,1,etl/BlackBook/sp_insert_Vehicle_Valuation.sql
,,stage_vehicle_valuation,insert=2,1,etl/BlackBook/sp_insert_stage_Vehicle_Valuation.sql
,,stage_vehicle_valuation_clientwise,insert=2,1,etl/BlackBook/sp_insert_stage_Vehicle_Valuation_clientwise.sql
,,t1,update=4,2,etl/BlackBook/sp_Calculate_Equity.sql | etl/BlackBook/sp_Calculate_Equity_clientwise.sql
,,vehicle_valuation_history,delete=1;insert=1,1,etl/BlackBook/sp_insert_Vehicle_Valuation_History.sql
,,vehicle_valuation_temp,insert=1;merge=1,1,etl/BlackBook/sp_insert_Vehicle_Valuation_clientwise.sql
,,juicereporting_transaction_summary,insert=3,2,etl/Juicebox Reporting/sp_JuiceReporting_Adhoc_Transaction_PageView_Summary.sql | etl/Juicebox Reporting/sp_JuiceReporting_transaction_summary_new.sql
,,juicereporting_logs,insert=32,32,etl/Juicebox Reporting/JuiceReporting_MarketingSummary_DataSync.sql | etl/Juicebox Reporting/sp_JuiceAnalytics_extract_Email_Links.sql | etl/Juicebox Reporting/sp_JuiceReporting_Adhoc_Transaction_PageView_Summary.sql | etl/Juicebox Reporting/sp_JuiceReporting_adhoc_newrecipients.sql | etl/Juicebox Reporting/sp_JuiceReporting_extract_Email_Contact_Attempts.sql
,,juicereporting_dms_sales,select_into=1,1,etl/Juicebox Reporting/sp_insert_JuiceReporting_DMS_Sales.sql
,dbo,juicereporting_blueskyoverview_serviceperf,delete=1;insert=1,2,etl/Juicebox Reporting/sp_insert_JuiceReporting_BlueSkyOverview.sql | etl/Juicebox Reporting/sp_remove_juice_data_for_inactive_clients.sql
,,juicereporting_blueskyoverview,update=1,1,etl/Juicebox Reporting/sp_insert_JuiceReporting_BlueSkyOverview.sql
,,juicereporting_googleanalyticspageviewsinventorydetails,select_into=1,1,etl/Juicebox Reporting/sp_insert_JuiceReporting_GoogleAnalyticsPageviewsInventoryDetails.sql
,,juicereporting_blueskyoverview_for_leadperformance_leadsourceindex,select_into=1,1,etl/Juicebox Reporting/sp_insert_JuiceReporting_BlueSkyOverview_For_LeadPerformance_LeadSourceIndex.sql
,,juicereporting_marketing_summary,insert=1,1,etl/Juicebox Reporting/sp_insert_JuiceReporting_Marketing_Summary_v2.sql
,,dde_social_clienturl,select_into=1,1,etl/Juicebox Reporting/sp_insert_JuiceReporting_DDE_Social_ClientURL.sql
,,juicereporting_bsr_equity,delete=1;select_into=1,1,etl/Juicebox Reporting/sp_insert_JuiceReporting_BSR_equity.sql
,,juicereporting_dde_activitylogs,select_into=1,1,etl/Juicebox Reporting/sp_insert_JuiceReporting_DDE_ActivityLogs.sql
,,juicereporting_dataminingtool,update=2,1,etl/Juicebox Reporting/sp_JuiceReporting_insert_DataMiningTool.sql
,,juicereporting_customer_value,select_into=1,1,etl/Juicebox Reporting/sp_insert_JuiceReporting_Customer_Value.sql
,dbo,juicereporting_adhoc_customerjourney_cvh,delete=1,1,etl/Juicebox Reporting/sp_remove_juice_data_for_inactive_clients.sql
,dbo,juicereporting_analytics_matchbacks_60,delete=1,1,etl/Juicebox Reporting/sp_remove_juice_data_for_inactive_clients.sql
,dbo,juicereporting_bluesky_serviceperf_v2,delete=1,1,etl/Juicebox Reporting/sp_remove_juice_data_for_inactive_clients.sql
,dbo,juicereporting_blueskyoverview,delete=1,1,etl/Juicebox Reporting/sp_remove_juice_data_for_inactive_clients.sql
,dbo,juicereporting_blueskyrecommendations,delete=1,1,etl/Juicebox Reporting/sp_remove_juice_data_for_inactive_clients.sql
,dbo,juicereporting_blueskysalesmining,delete=1,1,etl/Juicebox Reporting/sp_remove_juice_data_for_inactive_clients.sql
,dbo,juicereporting_blueskyserviceperformance,delete=1,1,etl/Juicebox Reporting/sp_remove_juice_data_for_inactive_clients.sql
,dbo,juicereporting_dataminingtool,delete=1,1,etl/Juicebox Reporting/sp_remove_juice_data_for_inactive_clients.sql
,dbo,juicereporting_extract_adhoc_customerjourney_clicks,delete=1,1,etl/Juicebox Reporting/sp_remove_juice_data_for_inactive_clients.sql
,dbo,juicereporting_leadperformance,delete=1,1,etl/Juicebox Reporting/sp_remove_juice_data_for_inactive_clients.sql
,dbo,juicereporting_marketing_summary,delete=1,1,etl/Juicebox Reporting/sp_remove_juice_data_for_inactive_clients.sql
,dbo,juicereporting_marketing_summary_contact_eng,delete=1,1,etl/Juicebox Reporting/sp_remove_juice_data_for_inactive_clients.sql
,dbo,juicereporting_marketingperformance,delete=1,1,etl/Juicebox Reporting/sp_remove_juice_data_for_inactive_clients.sql
,dbo,juicereporting_new_recipients,delete=1,1,etl/Juicebox Reporting/sp_remove_juice_data_for_inactive_clients.sql
,dbo,juicereporting_recipientloss,delete=1,1,etl/Juicebox Reporting/sp_remove_juice_data_for_inactive_clients.sql
,dbo,juicereporting_transaction_summary,delete=1,1,etl/Juicebox Reporting/sp_remove_juice_data_for_inactive_clients.sql
,dbo,juicereportingblueskycurrentleads,delete=1,1,etl/Juicebox Reporting/sp_remove_juice_data_for_inactive_clients.sql
,,dde_serp_branded_search,select_into=1,1,etl/Juicebox Reporting/sp_insert_JuiceReporting_DDE_SERP_Branded_Search.sql
,,juicereporting_mileone_send_loss_report,delete=2;insert=1,1,etl/Juicebox Reporting/sp_insert_JuiceReporting_MileOne_Send_Loss_Report.sql
,,juicereporting_mileone_hard_bounce,insert=1,1,etl/Juicebox Reporting/sp_insert_JuiceReporting_MileOne_Send_Loss_Report.sql
,,juicereporting_matchbacks,delete=1,1,etl/Juicebox Reporting/sp_JuiceReporting_extract_analytics_driver_matchbacks.sql
,,dde_web_optimization,select_into=1,1,etl/Juicebox Reporting/sp_insert_JuiceReporting_DDE_Web_Optimization.sql
,,juicereporting_hiddentable_marketingsummary,select_into=1,1,etl/Juicebox Reporting/sp_insert_JuiceReporting_HiddenTable_MarketingSummary.sql
,,juicereporting_email_links,insert=1,1,etl/Juicebox Reporting/sp_JuiceAnalytics_extract_Email_Links.sql
,,juicereporting_lead_source_index,select_into=1,1,etl/Juicebox Reporting/sp_insert_JuiceReporting_Lead_Source_Index.sql
,,juicereporting_calender_leadperformance_leadsourceindex,select_into=1,1,etl/Juicebox Reporting/sp_insert_JuiceReporting_Calender_LeadPerformance_LeadSourceIndex.sql
,,juicereporting_dde_summary_rollup,select_into=1,1,etl/Juicebox Reporting/sp_insert_JuiceReporting_DDE_Summary_Rollup.sql
,,juicereporting_email_events,insert=1,1,etl/Juicebox Reporting/sp_JuiceReporting_extract_Email_Events.sql
,,juicereporting_email_contact_clicks,insert=1,1,etl/Juicebox Reporting/sp_JuiceReporting_extract_Email_Contact_Clicks.sql
,,dde_reputation,select_into=1,1,etl/Juicebox Reporting/sp_insert_JuiceReporting_DDE_Reputation.sql
,,juicereporting_bluesky_serviceperf_v2,insert=1,1,etl/Juicebox Reporting/sp_insert_JuiceReporting_BlueSky_ServicePerf_V2.sql
,,juicereporting_cdxp_leadperformance_leadsourceindex,select_into=1,1,etl/Juicebox Reporting/sp_insert_JuiceReporting_CDXP_LeadPerformance_LeadSourceIndex.sql
,,juicereporting_leadperformance_leadsourceindex,update=1,1,etl/Juicebox Reporting/sp_insert_JuiceReporting_LeadPerformance_LeadSourceIndex.sql
,,mautic_contact_mapping_list,select_into=1;update=1,2,etl/Mautic/Contact Sync/sp_Update_Mautic_Contact_Mapping_List_RetryCount.sql | etl/Mautic/Contact Sync/sp_insert_mautic_contact_mapping_list.sql
,dbo,mautic_contact_mapping,merge=1,1,etl/Mautic/Contact Sync/sp_Insert_Mautic_Contact_Mapping_V2.sql
,,mautic_contact_mapping,update=1,1,etl/Mautic/Contact Sync/sp_update_mauticContactMapping.sql
,dbo,mautic_company_mapping,insert=1;update=1,1,etl/Mautic/Company Sync/sp_Insert_Mautic_Company_Mapping.sql
,dbo,mautic_owner_mapping,insert=1,1,etl/Mautic/Company Sync/sp_Insert_Mautic_Owner_Mapping.sql
,marketing,juicereporting_blueskycdxp_digitalstrategistproof,insert=1,1,etl/PostgreSQL (Analytics Mautic)/Client Advocate Proofs/sp_insert_juicereporting_blueskycdxp_digitalstrategistproof.sql
,,tbl_attribution_temp,insert=1,1,etl/PostgreSQL (Analytics Mautic)/Marketing Insights/sp_insert_attribution_data.sql
,marketing,tbl_attribution,insert=1,1,etl/PostgreSQL (Analytics Mautic)/Marketing Insights/sp_insert_attribution_data.sql
,archived,analytics_matchbacks_60_legacy,insert=1,1,etl/PostgreSQL (Analytics Mautic)/Archival & Deletion/archive_one_year_data.sql
,archived,attribution,insert=1,1,etl/PostgreSQL (Analytics Mautic)/Archival & Deletion/archive_one_year_data.sql
,archived,calendar,insert=1,1,etl/PostgreSQL (Analytics Mautic)/Archival & Deletion/archive_one_year_data.sql
,archived,campaign,insert=1,1,etl/PostgreSQL (Analytics Mautic)/Archival & Deletion/archive_one_year_data.sql
,archived,contact,insert=1,1,etl/PostgreSQL (Analytics Mautic)/Archival & Deletion/archive_one_year_data.sql
,archived,engagement,insert=1,1,etl/PostgreSQL (Analytics Mautic)/Archival & Deletion/archive_one_year_data.sql
,archived,event,insert=1,1,etl/PostgreSQL (Analytics Mautic)/Archival & Deletion/archive_one_year_data.sql
,archived,message,insert=1,1,etl/PostgreSQL (Analytics Mautic)/Archival & Deletion/archive_one_year_data.sql
,archived,offboarded_clients_deletion_logs,insert=1,1,etl/PostgreSQL (Analytics Mautic)/Archival & Deletion/archive_one_year_data.sql
,,deleted_engagements,select_into=1,1,etl/PostgreSQL (Analytics Mautic)/Archival & Deletion/delete_offboarded_client_data.sql
,,deleted_contacts,select_into=1,1,etl/PostgreSQL (Analytics Mautic)/Archival & Deletion/delete_offboarded_client_data.sql
,marketing,engagement,delete=1,1,etl/PostgreSQL (Analytics Mautic)/Archival & Deletion/delete_offboarded_client_data.sql
,marketing,contact,delete=1;insert=1,2,etl/PostgreSQL (Analytics Mautic)/Archival & Deletion/delete_offboarded_client_data.sql | etl/PostgreSQL (Analytics Mautic)/Contact & Engagement Build Process/upsert_contact.sql
,marketing,message,insert=1,1,etl/PostgreSQL (Analytics Mautic)/Sync Processes/upsert_message.sql
,marketing,event,insert=1,1,etl/PostgreSQL (Analytics Mautic)/Sync Processes/upsert_event.sql
,marketing,client_temp,update=1,1,etl/PostgreSQL (Analytics Mautic)/Sync Processes/update_client_flags.sql
,marketing,campaign,insert=1,1,etl/PostgreSQL (Analytics Mautic)/Sync Processes/upsert_campaign.sql
,marketing,lead_video_avgtimeviewed,insert=1,1,etl/PostgreSQL (Analytics Mautic)/Sync Processes/upsert_lead_video_avgtimeviewed.sql
,marketing,cdxp_watch,insert=23,1,etl/PostgreSQL (Analytics Mautic)/CDXP Watch Rule/cdxp_watch_rule.sql
