date,rows
2018-01-01,14
2018-01-02,45
2018-01-03,31
2018-01-04,40
2018-01-05,47
2018-01-06,47
2018-01-07,36
2018-01-08,11
2018-01-09,12
2018-01-10,14
2018-01-11,11
2018-01-12,29
2018-01-13,22
2018-01-14,21
2018-01-15,40
2018-01-16,28
2018-01-17,40
2018-01-18,34
2018-01-19,25
2018-01-20,18
2018-01-21,14
2018-01-22,34
2018-01-23,34
2018-01-24,41
2018-01-25,28
2018-01-26,47
2018-01-27,26
2018-01-28,15
2018-01-29,23
2018-01-30,36
2018-01-31,29
2018-02-01,19
2018-02-02,25
2018-02-03,14
2018-02-04,14
2018-02-05,39
2018-02-06,25
2018-02-07,34
2018-02-08,24
2018-02-09,19
2018-02-10,18
2018-02-11,20
2018-02-12,28
2018-02-13,28
2018-02-14,43
2018-02-15,19
2018-02-16,29
2018-02-17,9
2018-02-18,15
2018-02-19,29
2018-02-20,25
2018-02-21,21
2018-02-22,21
2018-02-23,18
2018-02-24,19
2018-02-25,15
2018-02-26,18
2018-02-27,24
2018-02-28,26
2018-03-01,17
2018-03-02,21
2018-03-03,23
2018-03-04,16
2018-03-05,25
2018-03-06,19
2018-03-07,11
2018-03-08,21
2018-03-09,32
2018-03-10,14
2018-03-11,10
2018-03-12,29
2018-03-13,30
2018-03-14,39
2018-03-15,39
2018-03-16,43
2018-03-17,19
2018-03-18,8
2018-03-19,30
2018-03-20,22
2018-03-21,34
2018-03-22,31
2018-03-23,22
2018-03-24,15
2018-03-25,27
2018-03-26,32
2018-03-27,27
2018-03-28,18
2018-03-29,26
2018-03-30,22
2018-03-31,20
2018-04-01,18
2018-04-02,20
2018-04-03,33
2018-04-04,20
2018-04-05,29
2018-04-06,29
2018-04-07,13
2018-04-08,23
2018-04-09,29
2018-04-10,26
2018-04-11,21
2018-04-12,13
2018-04-13,16
2018-04-14,17
2018-04-15,19
2018-04-16,32
2018-04-17,35
2018-04-18,22
2018-04-19,20
2018-04-20,20
2018-04-21,6
2018-04-22,19
2018-04-23,40
2018-04-24,33
2018-04-25,26
2018-04-26,24
2018-04-27,20
2018-04-28,14
2018-04-29,13
2018-04-30,25
2018-05-01,29
2018-05-02,43
2018-05-03,15
2018-05-04,28
2018-05-05,15
2018-05-06,15
2018-05-07,30
2018-05-08,22
2018-05-09,34
2018-05-10,25
2018-05-11,37
2018-05-12,14
2018-05-13,12
2018-05-14,40
2018-05-15,18
2018-05-16,29
2018-05-17,22
2018-05-18,30
2018-05-19,19
2018-05-20,17
2018-05-21,24
2018-05-22,22
2018-05-23,20
2018-05-24,16
2018-05-25,26
2018-05-26,17
2018-05-27,12
2018-05-28,17
2018-05-29,26
2018-05-30,31
2018-05-31,22
2018-06-01,26
2018-06-02,20
2018-06-03,24
2018-06-04,33
2018-06-05,29
2018-06-06,26
2018-06-07,33
2018-06-08,20
2018-06-09,15
2018-06-10,20
2018-06-11,21
2018-06-12,17
2018-06-13,18
2018-06-14,17
2018-06-15,22
2018-06-16,14
2018-06-17,17
2018-06-18,31
2018-06-19,25
2018-06-20,30
2018-06-21,26
2018-06-22,32
2018-06-23,20
2018-06-24,8
2018-06-25,35
2018-06-26,42
2018-06-27,31
2018-06-28,23
2018-06-29,33
2018-06-30,17
2018-07-01,20
2018-07-02,23
2018-07-03,24
2018-07-04,21
2018-07-05,23
2018-07-06,30
2018-07-07,21
2018-07-08,12
2018-07-09,26
2018-07-10,19
2018-07-11,29
2018-07-12,22
2018-07-13,40
2018-07-14,20
2018-07-15,12
2018-07-16,27
2018-07-17,22
2018-07-18,20
2018-07-19,22
2018-07-20,19
2018-07-21,18
2018-07-22,11
2018-07-23,21
2018-07-24,19
2018-07-25,20
2018-07-26,27
2018-07-27,17
2018-07-28,8
2018-07-29,13
2018-07-30,28
2018-07-31,30
2018-08-01,30
2018-08-02,30
2018-08-03,22
2018-08-04,13
2018-08-05,15
2018-08-06,21
2018-08-07,25
2018-08-08,25
2018-08-09,22
2018-08-10,23
2018-08-11,15
2018-08-12,10
2018-08-13,14
2018-08-14,24
2018-08-15,22
2018-08-16,20
2018-08-17,55
2018-08-18,17
2018-08-19,13
2018-08-20,29
2018-08-21,31
2018-08-22,27
2018-08-23,31
2018-08-24,23
2018-08-25,18
2018-08-26,9
2018-08-27,29
2018-08-28,31
2018-08-29,20
2018-08-30,21
2018-08-31,20
2018-09-01,15
2018-09-02,8
2018-09-03,27
2018-09-04,21
2018-09-05,30
2018-09-06,20
2018-09-07,20
2018-09-08,15
2018-09-09,21
2018-09-10,26
2018-09-11,32
2018-09-12,18
2018-09-13,27
2018-09-14,41
2018-09-15,24
2018-09-16,15
2018-09-17,31
2018-09-18,22
2018-09-19,22
2018-09-20,39
2018-09-21,12
2018-09-22,20
2018-09-23,10
2018-09-24,29
2018-09-25,28
2018-09-26,26
2018-09-27,19
2018-09-28,25
2018-09-29,8
2018-09-30,13
2018-10-01,22
2018-10-02,29
2018-10-03,29
2018-10-04,23
2018-10-05,34
2018-10-06,10
2018-10-07,10
2018-10-08,22
2018-10-09,24
2018-10-10,18
2018-10-11,26
2018-10-12,16
2018-10-13,7
2018-10-14,14
2018-10-15,25
2018-10-16,23
2018-10-17,24
2018-10-18,18
2018-10-19,28
2018-10-20,16
2018-10-21,17
2018-10-22,24
2018-10-23,28
2018-10-24,19
2018-10-25,23
2018-10-26,22
2018-10-27,10
2018-10-28,16
2018-10-29,14
2018-10-30,21
2018-10-31,18
2018-11-01,7
2018-11-02,26
2018-11-03,11
2018-11-04,13
2018-11-05,27
2018-11-06,40
2018-11-07,16
2018-11-08,5
2018-11-09,17
2018-11-10,12
2018-11-11,20
2018-11-12,37
2018-11-13,21
2018-11-14,14
2018-11-15,26
2018-11-16,34
2018-11-17,16
2018-11-18,15
2018-11-19,7
2018-11-20,30
2018-11-21,15
2018-11-22,6
2018-11-23,11
2018-11-24,12
2018-11-25,17
2018-11-26,23
2018-11-27,23
2018-11-28,33
2018-11-29,17
2018-11-30,27
2018-12-01,13
2018-12-02,19
2018-12-03,23
2018-12-04,25
2018-12-05,30
2018-12-06,34
2018-12-07,36
2018-12-08,15
2018-12-09,18
2018-12-10,23
2018-12-11,17
2018-12-12,28
2018-12-13,25
2018-12-14,46
2018-12-15,20
2018-12-16,12
2018-12-17,14
2018-12-18,22
2018-12-19,26
2018-12-20,25
2018-12-21,17
2018-12-22,7
2018-12-23,14
2018-12-24,8
2018-12-25,4
2018-12-26,15
2018-12-27,9
2018-12-28,21
2018-12-29,13
2018-12-30,12
2018-12-31,10
2019-01-01,4
2019-01-02,11
2019-01-03,10
2019-01-04,17
2019-01-05,19
2019-01-06,23
2019-01-07,22
2019-01-08,15
2019-01-09,21
2019-01-10,20
2019-01-11,14
2019-01-12,7
2019-01-13,26
2019-01-14,18
2019-01-15,22
2019-01-16,24
2019-01-17,15
2019-01-18,19
2019-01-19,8
2019-01-20,15
2019-01-21,28
2019-01-22,25
2019-01-23,15
2019-01-24,12
2019-01-25,26
2019-01-26,12
2019-01-27,14
2019-01-28,13
2019-01-29,14
2019-01-30,15
2019-01-31,23
2019-02-01,11
2019-02-02,8
2019-02-03,14
2019-02-04,13
2019-02-05,26
2019-02-06,13
2019-02-07,24
2019-02-08,16
2019-02-09,11
2019-02-10,19
2019-02-11,19
2019-02-12,15
2019-02-13,19
2019-02-14,17
2019-02-15,46
2019-02-16,75
2019-02-17,56
2019-02-18,75
2019-02-19,61
2019-02-20,47
2019-02-21,6
2020-04-20,8
2020-04-23,2
2020-05-14,2
2020-06-23,1
2020-07-10,1
2020-08-01,1
2020-08-06,1
2020-09-18,2
2020-10-01,1
2020-10-15,1
2020-10-20,1
2020-11-11,1
2020-11-18,1
2020-12-03,1
2020-12-09,1
2020-12-15,1
2020-12-25,1
2020-12-31,1
2021-01-11,1
2021-01-15,1
2021-01-20,1
2021-01-21,2
2021-02-10,1
2021-02-16,1
2021-02-25,1
2021-03-31,1
2021-04-09,163
2021-04-13,1
2021-04-14,5
2021-04-15,1
2021-04-22,2
2021-04-29,2
2021-05-02,1
2021-05-08,1
2021-05-11,1
2021-05-12,1
2021-05-13,3
2021-05-14,3
2021-05-15,3
2021-05-17,1
2021-05-18,1
2021-05-19,4
2021-05-20,1
2021-05-21,1
2021-05-26,1
2021-05-27,2
2021-05-28,1
2021-05-29,1
2021-06-04,2
2021-06-05,1
2021-06-06,1
2021-06-10,1
2021-06-11,2
2021-06-12,1
2021-06-14,1
2021-06-17,1
2021-06-19,1
2021-06-20,2
2021-06-23,2
2021-06-24,5
2021-06-25,4
2021-06-27,1
2021-06-30,2
2021-07-01,2
2021-07-03,3
2021-07-04,2
2021-07-05,1
2021-07-06,1
2021-07-07,1
2021-07-08,2
2021-07-09,1
2021-07-10,6
2021-07-11,3
2021-07-12,1
2021-07-14,5
2021-07-16,1
2021-07-18,3
2021-07-20,1
2021-07-22,1
2021-07-23,2
2021-07-24,8
2021-07-26,2
2021-07-29,1
2021-07-30,4
2021-07-31,3
2021-08-01,2
2021-08-05,1
2021-08-06,8
2021-08-07,7
2021-08-09,4
2021-08-10,3
2021-08-11,2
2021-08-12,1
2021-08-13,1
2021-08-14,3
2021-08-15,2
2021-08-17,2
2021-08-18,8
2021-08-19,10
2021-08-20,13
2021-08-21,1
2021-08-24,1
2021-08-25,2
2021-08-26,3
2021-08-27,7
2021-08-28,9
2021-08-29,2
2021-08-30,2
2021-08-31,1
2021-09-01,13
2021-09-02,4
2021-09-03,21
2021-09-05,1
2021-09-08,2
2021-09-09,1
2021-09-10,1
2021-09-11,2
2021-09-12,2
2021-09-13,1
2021-09-14,4
2021-09-15,1
2021-09-16,3
2021-09-17,1
2021-09-18,3
2021-09-19,1
2021-09-20,1
2021-09-21,1
2021-09-22,2
2021-09-23,2
2021-09-24,2
2021-09-27,1
2021-09-29,1
2021-09-30,5
2021-10-01,3
2021-10-02,1
2021-10-03,4
2021-10-05,2
2021-10-06,1
2021-10-07,3
2021-10-08,1
2021-10-09,2
2021-10-11,1
2021-10-12,5
2021-10-13,1
2021-10-14,6
2021-10-15,4
2021-10-16,1
2021-10-18,1
2021-10-19,2
2021-10-20,1
2021-10-21,4
2021-10-22,3
2021-10-23,3
2021-10-24,6
2021-10-25,1
2021-10-26,6
2021-10-27,5
2021-10-28,2
2021-10-29,1
2021-10-30,1
2021-11-01,1
2021-11-02,6
2021-11-03,4
2021-11-04,8
2021-11-05,3
2021-11-07,4
2021-11-09,8
2021-11-10,1
2021-11-11,6
2021-11-12,8
2021-11-14,3
2021-11-15,3
2021-11-16,3
2021-11-17,4
2021-11-18,6
2021-11-21,1
2021-11-22,4
2021-11-23,5
2021-11-24,7
2021-11-25,5
2021-11-26,1
2021-11-27,5
2021-11-29,7
2021-11-30,15
2021-12-01,14
2021-12-02,1
2021-12-03,9
2021-12-04,2
2021-12-05,2
2021-12-07,4
2021-12-08,2
2021-12-09,4
2021-12-10,4
2021-12-12,1
2021-12-13,3
2021-12-14,2
2021-12-16,1
2021-12-17,3
2021-12-18,3
2021-12-19,1
2021-12-20,4
2021-12-21,1
2021-12-22,11
2021-12-23,2
2021-12-24,7
2021-12-27,4
2021-12-29,1
2021-12-30,4
2021-12-31,3
2022-01-02,1
2022-01-04,2
2022-01-05,3
2022-01-06,2
2022-01-07,3
2022-01-08,1
2022-01-10,1
2022-01-11,2
2022-01-12,2
2022-01-13,1
2022-01-14,3
2022-01-15,3
2022-01-16,4
2022-01-17,1
2022-01-18,3
2022-01-19,5
2022-01-20,3
2022-01-21,6
2022-01-22,4
2022-01-23,2
2022-01-25,2
2022-01-26,4
2022-01-27,9
2022-01-28,7
2022-01-29,2
2022-01-30,3
2022-01-31,1
2022-02-01,1
2022-02-02,1
2022-02-03,5
2022-02-04,4
2022-02-05,12
2022-02-07,1
2022-02-08,2
2022-02-10,3
2022-02-11,6
2022-02-12,4
2022-02-13,4
2022-02-15,4
2022-02-16,3
2022-02-17,7
2022-02-18,4
2022-02-19,5
2022-02-20,2
2022-02-22,5
2022-02-23,17
2022-02-24,18
2022-02-25,1
2022-02-26,8
2022-02-27,2
2022-03-01,3
2022-03-02,8
2022-03-03,4
2022-03-04,8
2022-03-05,4
2022-03-06,2
2022-03-07,2
2022-03-08,3
2022-03-09,2
2022-03-10,2
2022-03-11,14
2022-03-12,4
2022-03-13,1
2022-03-14,4
2022-03-15,5
2022-03-16,12
2022-03-17,7
2022-03-18,10
2022-03-19,9
2022-03-20,6
2022-03-21,4
2022-03-22,6
2022-03-23,5
2022-03-24,4
2022-03-25,3
2022-03-28,4
2022-03-29,2
2022-03-30,5
2022-03-31,7
2022-04-01,10
2022-04-02,5
2022-04-03,2
2022-04-04,20
2022-04-05,3
2022-04-06,7
2022-04-07,2
2022-04-08,5
2022-04-09,4
2022-04-10,3
2022-04-12,5
2022-04-13,10
2022-04-14,4
2022-04-15,3
2022-04-16,4
2022-04-17,3
2022-04-19,2
2022-04-20,15
2022-04-21,11
2022-04-22,13
2022-04-23,11
2022-04-24,6
2022-04-25,3
2022-04-26,13
2022-04-27,4
2022-04-28,7
2022-04-29,3
2022-04-30,4
2022-05-01,4
2022-05-02,1
2022-05-03,5
2022-05-04,3
2022-05-05,5
2022-05-06,4
2022-05-07,8
2022-05-08,5
2022-05-09,3
2022-05-10,22
2022-05-11,5
2022-05-12,5
2022-05-13,3
2022-05-14,5
2022-05-15,2
2022-05-16,2
2022-05-17,7
2022-05-18,11
2022-05-19,8
2022-05-20,6
2022-05-21,19
2022-05-22,6
2022-05-23,4
2022-05-24,6
2022-05-25,33
2022-05-26,12
2022-05-27,45
2022-05-28,483
2022-05-29,25
2022-05-30,5
2022-05-31,8
2022-06-01,10
2022-06-02,30
2022-06-03,9
2022-06-04,25
2022-06-05,17
2022-06-06,5
2022-06-07,11
2022-06-08,17
2022-06-09,14
2022-06-10,20
2022-06-11,23
2022-06-12,13
2022-06-13,8
2022-06-14,16
2022-06-15,22
2022-06-16,13
2022-06-17,13
2022-06-18,13
2022-06-19,12
2022-06-20,4
2022-06-21,6
2022-06-22,8
2022-06-23,20
2022-06-24,18
2022-06-25,19
2022-06-26,17
2022-06-27,4
2022-06-28,9
2022-06-29,42
2022-06-30,11
2022-07-01,32
2022-07-02,20
2022-07-03,25
2022-07-04,10
2022-07-05,61
2022-07-06,67
2022-07-07,27
2022-07-08,21
2022-07-09,6
2022-07-10,2
2022-07-11,36
2022-07-12,17
2022-07-13,30
2022-07-14,139
2022-07-15,28
2022-07-16,16
2022-07-17,19
2022-07-18,22
2022-07-19,20
2022-07-20,25
2022-07-21,23
2022-07-22,55
2022-07-23,35
2022-07-24,18
2022-07-25,5
2022-07-26,20
2022-07-27,48
2022-07-28,104
2022-07-29,37
2022-07-30,29
2022-07-31,26
2022-08-01,8
2022-08-02,20
2022-08-03,33
2022-08-04,40
2022-08-05,33
2022-08-06,22
2022-08-07,14
2022-08-08,5
2022-08-09,232
2022-08-10,325
2022-08-11,47
2022-08-12,35
2022-08-13,38
2022-08-14,23
2022-08-15,30
2022-08-16,31
2022-08-17,53
2022-08-18,67
2022-08-19,21
2022-08-20,27
2022-08-21,18
2022-08-22,26
2022-08-23,29
2022-08-24,36
2022-08-25,42
2022-08-26,357
2022-08-27,47
2022-08-28,21
2022-08-29,15
2022-08-30,35
2022-08-31,38
2022-09-01,54
2022-09-02,55
2022-09-03,31
2022-09-04,17
2022-09-05,9
2022-09-06,6
2022-09-07,35
2022-09-08,48
2022-09-09,50
2022-09-10,65
2022-09-11,23
2022-09-12,17
2022-09-13,23
2022-09-14,54
2022-09-15,65
2022-09-16,47
2022-09-17,45
2022-09-18,74
2022-09-19,15
2022-09-20,24
2022-09-21,42
2022-09-22,53
2022-09-23,45
2022-09-24,60
2022-09-25,33
2022-09-26,16
2022-09-27,22
2022-09-28,38
2022-09-29,86
2022-09-30,83
2022-10-01,75
2022-10-02,27
2022-10-03,24
2022-10-04,42
2022-10-05,14
2022-10-06,111
2022-10-07,182
2022-10-08,79
2022-10-09,40
2022-10-10,30
2022-10-11,73
2022-10-12,41
2022-10-13,50
2022-10-14,77
2022-10-15,54
2022-10-16,34
2022-10-17,12
2022-10-18,81
2022-10-19,97
2022-10-20,88
2022-10-21,192
2022-10-22,33
2022-10-23,40
2022-10-24,21
2022-10-25,90
2022-10-26,83
2022-10-27,95
2022-10-28,76
2022-10-29,101
2022-10-30,74
2022-10-31,29
2022-11-01,41
2022-11-02,91
2022-11-03,67
2022-11-04,70
2022-11-05,48
2022-11-06,90
2022-11-07,40
2022-11-08,70
2022-11-09,97
2022-11-10,108
2022-11-11,18
2022-11-12,19
2022-11-13,8
2022-11-14,219
2022-11-15,58
2022-11-16,117
2022-11-17,97
2022-11-18,90
2022-11-19,92
2022-11-20,46
2022-11-21,19
2022-11-22,108
2022-11-23,111
2022-11-24,162
2022-11-25,49
2022-11-26,43
2022-11-27,39
2022-11-28,30
2022-11-29,75
2022-11-30,74
2022-12-01,481
2022-12-02,139
2022-12-03,120
2022-12-04,70
2022-12-05,162
2022-12-06,127
2022-12-07,115
2022-12-08,199
2022-12-09,110
2022-12-10,222
2022-12-11,97
2022-12-12,80
2022-12-13,96
2022-12-14,177
2022-12-15,205
2022-12-16,233
2022-12-17,161
2022-12-18,117
2022-12-19,88
2022-12-20,85
2022-12-21,181
2022-12-22,173
2022-12-23,218
2022-12-24,144
2022-12-25,65
2022-12-26,41
2022-12-27,32
2022-12-28,88
2022-12-29,144
2022-12-30,136
2022-12-31,137
2023-01-01,75
2023-01-02,48
2023-01-03,57
2023-01-04,107
2023-01-05,84
2023-01-06,168
2023-01-07,157
2023-01-08,119
2023-01-09,114
2023-01-10,103
2023-01-11,153
2023-01-12,188
2023-01-13,210
2023-01-14,210
2023-01-15,185
2023-01-16,89
2023-01-17,96
2023-01-18,171
2023-01-19,257
2023-01-20,215
2023-01-21,241
2023-01-22,162
2023-01-23,134
2023-01-24,156
2023-01-25,221
2023-01-26,305
2023-01-27,287
2023-01-28,208
2023-01-29,149
2023-01-30,157
2023-01-31,166
2023-02-01,317
2023-02-02,385
2023-02-03,274
2023-02-04,262
2023-02-05,176
2023-02-06,109
2023-02-07,202
2023-02-08,458
2023-02-09,295
2023-02-10,387
2023-02-11,273
2023-02-12,196
2023-02-13,111
2023-02-14,167
2023-02-15,245
2023-02-16,436
2023-02-17,375
2023-02-18,276
2023-02-19,189
2023-02-20,123
2023-02-21,201
2023-02-22,225
2023-02-23,440
2023-02-24,491
2023-02-25,313
2023-02-26,213
2023-02-27,141
2023-02-28,211
2023-03-01,321
2023-03-02,444
2023-03-03,438
2023-03-04,394
2023-03-05,334
2023-03-06,140
2023-03-07,196
2023-03-08,365
2023-03-09,639
2023-03-10,460
2023-03-11,438
2023-03-12,278
2023-03-13,189
2023-03-14,370
2023-03-15,500
2023-03-16,501
2023-03-17,606
2023-03-18,527
2023-03-19,330
2023-03-20,259
2023-03-21,349
2023-03-22,453
2023-03-23,518
2023-03-24,767
2023-03-25,725
2023-03-26,564
2023-03-27,397
2023-03-28,417
2023-03-29,703
2023-03-30,1231
2023-03-31,653
2023-04-01,822
2023-04-02,651
2023-04-03,467
2023-04-04,440
2023-04-05,587
2023-04-06,626
2023-04-07,623
2023-04-08,1216
2023-04-09,590
2023-04-10,188
2023-04-11,405
2023-04-12,894
2023-04-13,687
2023-04-14,992
2023-04-15,811
2023-04-16,675
2023-04-17,368
2023-04-18,485
2023-04-19,809
2023-04-20,955
2023-04-21,1187
2023-04-22,965
2023-04-23,187
2023-04-24,1194
2023-04-25,664
2023-04-26,1514
2023-04-27,1873
2023-04-28,1241
2023-04-29,1831
2023-04-30,1064
2023-05-01,552
2023-05-02,769
2023-05-03,1285
2023-05-04,1486
2023-05-05,1237
2023-05-06,1443
2023-05-07,558
2023-05-08,802
2023-05-09,771
2023-05-10,1469
2023-05-11,1686
2023-05-12,1671
2023-05-13,1557
2023-05-14,1202
2023-05-15,736
2023-05-16,819
2023-05-17,1460
2023-05-18,1760
2023-05-19,1798
2023-05-20,1617
2023-05-21,1130
2023-05-22,659
2023-05-23,962
2023-05-24,1631
2023-05-25,2027
2023-05-26,1962
2023-05-27,2422
2023-05-28,1529
2023-05-29,790
2023-05-30,677
2023-05-31,1647
2023-06-01,3985
2023-06-02,3704
2023-06-03,2740
2023-06-04,1816
2023-06-05,1152
2023-06-06,1483
2023-06-07,3043
2023-06-08,3077
2023-06-09,2728
2023-06-10,2689
2023-06-11,1765
2023-06-12,1372
2023-06-13,1551
2023-06-14,6574
2023-06-15,2929
2023-06-16,3529
2023-06-17,3141
2023-06-18,1077
2023-06-19,3610
2023-06-20,3122
2023-06-21,3696
2023-06-22,4752
2023-06-23,4396
2023-06-24,3897
2023-06-25,2429
2023-06-26,2121
2023-06-27,2502
2023-06-28,4160
2023-06-29,7129
2023-06-30,6251
2023-07-01,6354
2023-07-02,4136
2023-07-03,2876
2023-07-04,2228
2023-07-05,3564
2023-07-06,3110
2023-07-07,4572
2023-07-08,4821
2023-07-09,4444
2023-07-10,3037
2023-07-11,3359
2023-07-12,5705
2023-07-13,7757
2023-07-14,8580
2023-07-15,6692
2023-07-16,5332
2023-07-17,3360
2023-07-18,4930
2023-07-19,10499
2023-07-20,8884
2023-07-21,9027
2023-07-22,9424
2023-07-23,6074
2023-07-24,4172
2023-07-25,5114
2023-07-26,9320
2023-07-27,9601
2023-07-28,9780
2023-07-29,10199
2023-07-30,6577
2023-07-31,5702
2023-08-01,6014
2023-08-02,7507
2023-08-03,9356
2023-08-04,25945
2023-08-05,12205
2023-08-06,9726
2023-08-07,6494
2023-08-08,8841
2023-08-09,11844
2023-08-10,15021
2023-08-11,12746
2023-08-12,14702
2023-08-13,10451
2023-08-14,9053
2023-08-15,12999
2023-08-16,15754
2023-08-17,14446
2023-08-18,12700
2023-08-19,12924
2023-08-20,9395
2023-08-21,8636
2023-08-22,12470
2023-08-23,13333
2023-08-24,13798
2023-08-25,14522
2023-08-26,13944
2023-08-27,6976
2023-08-28,9090
2023-08-29,13226
2023-08-30,14310
2023-08-31,15133
2023-09-01,17315
2023-09-02,10533
2023-09-03,13419
2023-09-04,5392
2023-09-05,4595
2023-09-06,9480
2023-09-07,14208
2023-09-08,14803
2023-09-09,13717
2023-09-10,10603
2023-09-11,7351
2023-09-12,8462
2023-09-13,14079
2023-09-14,14812
2023-09-15,13015
2023-09-16,13394
2023-09-17,10318
2023-09-18,6480
2023-09-19,9631
2023-09-20,13485
2023-09-21,13818
2023-09-22,14310
2023-09-23,13226
2023-09-24,10435
2023-09-25,7110
2023-09-26,13837
2023-09-27,13627
2023-09-28,14306
2023-09-29,15790
2023-09-30,15081
2023-10-01,12026
2023-10-02,6494
2023-10-03,10326
2023-10-04,14296
2023-10-05,14654
2023-10-06,13757
2023-10-07,12861
2023-10-08,10170
2023-10-09,5449
2023-10-10,9501
2023-10-11,13881
2023-10-12,13670
2023-10-13,12758
2023-10-14,13422
2023-10-15,9390
2023-10-16,5662
2023-10-17,8428
2023-10-18,15631
2023-10-19,15817
2023-10-20,11459
2023-10-21,13275
2023-10-22,8596
2023-10-23,7592
2023-10-24,10475
2023-10-25,13352
2023-10-26,13897
2023-10-27,12288
2023-10-28,13200
2023-10-29,10010
2023-10-30,6765
2023-10-31,9356
2023-11-01,14420
2023-11-02,14302
2023-11-03,13154
2023-11-04,11379
2023-11-05,9471
2023-11-06,6706
2023-11-07,9487
2023-11-08,14260
2023-11-09,13859
2023-11-10,13719
2023-11-11,13313
2023-11-12,10386
2023-11-13,5440
2023-11-14,9073
2023-11-15,13498
2023-11-16,13580
2023-11-17,14116
2023-11-18,13084
2023-11-19,11007
2023-11-20,6179
2023-11-21,8362
2023-11-22,13376
2023-11-23,13678
2023-11-24,6866
2023-11-25,7126
2023-11-26,7179
2023-11-27,4578
2023-11-28,8756
2023-11-29,12633
2023-11-30,12399
2023-12-01,14035
2023-12-02,11841
2023-12-03,9226
2023-12-04,11533
2023-12-05,8849
2023-12-06,13784
2023-12-07,14810
2023-12-08,15315
2023-12-09,15346
2023-12-10,10115
2023-12-11,5641
2023-12-12,7731
2023-12-13,12621
2023-12-14,15238
2023-12-15,14490
2023-12-16,11619
2023-12-17,8854
2023-12-18,5828
2023-12-19,8532
2023-12-20,13790
2023-12-21,13119
2023-12-22,12149
2023-12-23,13314
2023-12-24,8865
2023-12-25,3592
2023-12-26,2360
2023-12-27,8816
2023-12-28,14090
2023-12-29,11752
2023-12-30,12459
2023-12-31,9273
2024-01-01,5404
2024-01-02,3823
2024-01-03,9491
2024-01-04,13287
2024-01-05,11804
2024-01-06,10211
2024-01-07,8039
2024-01-08,6547
2024-01-09,12485
2024-01-10,10100
2024-01-11,15752
2024-01-12,16944
2024-01-13,11380
2024-01-14,8829
2024-01-15,5190
2024-01-16,8943
2024-01-17,8842
2024-01-18,12150
2024-01-19,11550
2024-01-20,9738
2024-01-21,8424
2024-01-22,5804
2024-01-23,8628
2024-01-24,12001
2024-01-25,13230
2024-01-26,14002
2024-01-27,12642
2024-01-28,9844
2024-01-29,7340
2024-01-30,10238
2024-01-31,14601
2024-02-01,14678
2024-02-02,15392
2024-02-03,12806
2024-02-04,9447
2024-02-05,4045
2024-02-06,7360
2024-02-07,13842
2024-02-08,15887
2024-02-09,13567
2024-02-10,13005
2024-02-11,9323
2024-02-12,7214
2024-02-13,10296
2024-02-14,11618
2024-02-15,13542
2024-02-16,13816
2024-02-17,12572
2024-02-18,9164
2024-02-19,5413
2024-02-20,9922
2024-02-21,16871
2024-02-22,13146
2024-02-23,16627
2024-02-24,11715
2024-02-25,11386
2024-02-26,8634
2024-02-27,13741
2024-02-28,14739
2024-02-29,15222
2024-03-01,14530
2024-03-02,12722
2024-03-03,8200
2024-03-04,7475
2024-03-05,9465
2024-03-06,12990
2024-03-07,12641
2024-03-08,13834
2024-03-09,14508
2024-03-10,9554
2024-03-11,5055
2024-03-12,8755
2024-03-13,12036
2024-03-14,13721
2024-03-15,13633
2024-03-16,12353
2024-03-17,8993
2024-03-18,5894
2024-03-19,8740
2024-03-20,12132
2024-03-21,12442
2024-03-22,12052
2024-03-23,9656
2024-03-24,7451
2024-03-25,5240
2024-03-26,10527
2024-03-27,12521
2024-03-28,16911
2024-03-29,14860
2024-03-30,12424
2024-03-31,9695
2024-04-01,4653
2024-04-02,7661
2024-04-03,11343
2024-04-04,12553
2024-04-05,12588
2024-04-06,11024
2024-04-07,8092
2024-04-08,5638
2024-04-09,7451
2024-04-10,10114
2024-04-11,11198
2024-04-12,11530
2024-04-13,9587
2024-04-14,7684
2024-04-15,8176
2024-04-16,7616
2024-04-17,12196
2024-04-18,12553
2024-04-19,13217
2024-04-20,11892
2024-04-21,8560
2024-04-22,6012
2024-04-23,8719
2024-04-24,11575
2024-04-25,13108
2024-04-26,11710
2024-04-27,11384
2024-04-28,8195
2024-04-29,6638
2024-04-30,8620
2024-05-01,11571
2024-05-02,11601
2024-05-03,10907
2024-05-04,8812
2024-05-05,6108
2024-05-06,4194
2024-05-07,9127
2024-05-08,10528
2024-05-09,10372
2024-05-10,10811
2024-05-11,10003
2024-05-12,7262
2024-05-13,4353
2024-05-14,7439
2024-05-15,8967
2024-05-16,11824
2024-05-17,10041
2024-05-18,9323
2024-05-19,6316
2024-05-20,4505
2024-05-21,9537
2024-05-22,9118
2024-05-23,9927
2024-05-24,10503
2024-05-25,10330
2024-05-26,7175
2024-05-27,3801
2024-05-28,4333
2024-05-29,8200
2024-05-30,9998
2024-05-31,12243
2024-06-01,11779
2024-06-02,7725
2024-06-03,5976
2024-06-04,8647
2024-06-05,9412
2024-06-06,9972
2024-06-07,11410
2024-06-08,9433
2024-06-09,6276
2024-06-10,4620
2024-06-11,7067
2024-06-12,10257
2024-06-13,10832
2024-06-14,11167
2024-06-15,8438
2024-06-16,6658
2024-06-17,5336
2024-06-18,6556
2024-06-19,10191
2024-06-20,9912
2024-06-21,8650
2024-06-22,7142
2024-06-23,5496
2024-06-24,4752
2024-06-25,8689
2024-06-26,7468
2024-06-27,8757
2024-06-28,8257
2024-06-29,7323
2024-06-30,5275
2024-07-01,5923
2024-07-02,9420
2024-07-03,6923
2024-07-04,6207
2024-07-05,4888
2024-07-06,5437
2024-07-07,3859
2024-07-08,3862
2024-07-09,8046
2024-07-10,12444
2024-07-11,9401
2024-07-12,8857
2024-07-13,9568
2024-07-14,6536
2024-07-15,5855
2024-07-16,8299
2024-07-17,29744
2024-07-18,40085
2024-07-19,13250
2024-07-20,9502
2024-07-21,6645
2024-07-22,5244
2024-07-23,7553
2024-07-24,10359
2024-07-25,10091
2024-07-26,10109
2024-07-27,9519
2024-07-28,6379
2024-07-29,4816
2024-07-30,6695
2024-07-31,10631
2024-08-01,9947
2024-08-02,9446
2024-08-03,8912
2024-08-04,5319
2024-08-05,10057
2024-08-06,7172
2024-08-07,10173
2024-08-08,10235
2024-08-09,7629
2024-08-10,10421
2024-08-11,6570
2024-08-12,4465
2024-08-13,6341
2024-08-14,8291
2024-08-15,11326
2024-08-16,10774
2024-08-17,9212
2024-08-18,7420
2024-08-19,4908
2024-08-20,9393
2024-08-21,8734
2024-08-22,11871
2024-08-23,10478
2024-08-24,8422
2024-08-25,6762
2024-08-26,4836
2024-08-27,7614
2024-08-28,10669
2024-08-29,10657
2024-08-30,11175
2024-08-31,9899
2024-09-01,6825
2024-09-02,5439
2024-09-03,2488
2024-09-04,11883
2024-09-05,11950
2024-09-06,11536
2024-09-07,9898
2024-09-08,6593
2024-09-09,4278
2024-09-10,6032
2024-09-11,9520
2024-09-12,10019
2024-09-13,9627
2024-09-14,8729
2024-09-15,6648
2024-09-16,4801
2024-09-17,5862
2024-09-18,9126
2024-09-19,8648
2024-09-20,10126
2024-09-21,9728
2024-09-22,6698
2024-09-23,4384
2024-09-24,7147
2024-09-25,8406
2024-09-26,9264
2024-09-27,8343
2024-09-28,8061
2024-09-29,5993
2024-09-30,6164
2024-10-01,6557
2024-10-02,8778
2024-10-03,8925
2024-10-04,9676
2024-10-05,8983
2024-10-06,5914
2024-10-07,4595
2024-10-08,5559
2024-10-09,7913
2024-10-10,7481
2024-10-11,11869
2024-10-12,8164
2024-10-13,5600
2024-10-14,3866
2024-10-15,5229
2024-10-16,7879
2024-10-17,10455
2024-10-18,21869
2024-10-19,9419
2024-10-20,7337
2024-10-21,3994
2024-10-22,6402
2024-10-23,12218
2024-10-24,9107
2024-10-25,9499
2024-10-26,10805
2024-10-27,5833
2024-10-28,5583
2024-10-29,7071
2024-10-30,9854
2024-10-31,9618
2024-11-01,10368
2024-11-02,9492
2024-11-03,6016
2024-11-04,4186
2024-11-05,5056
2024-11-06,9332
2024-11-07,8041
2024-11-08,6411
2024-11-09,9373
2024-11-10,7268
2024-11-11,3985
2024-11-12,8022
2024-11-13,8538
2024-11-14,10273
2024-11-15,8998
2024-11-16,7470
2024-11-17,5643
2024-11-18,5131
2024-11-19,6912
2024-11-20,12182
2024-11-21,9524
2024-11-22,8221
2024-11-23,7946
2024-11-24,5930
2024-11-25,5708
2024-11-26,6589
2024-11-27,9404
2024-11-28,7393
2024-11-29,4619
2024-11-30,5558
2024-12-01,4468
2024-12-02,4080
2024-12-03,6226
2024-12-04,8792
2024-12-05,7671
2024-12-06,9450
2024-12-07,8822
2024-12-08,6160
2024-12-09,4601
2024-12-10,6300
2024-12-11,8852
2024-12-12,9131
2024-12-13,8842
2024-12-14,8123
2024-12-15,5753
2024-12-16,4413
2024-12-17,5904
2024-12-18,7767
2024-12-19,8144
2024-12-20,8675
2024-12-21,8805
2024-12-22,5779
2024-12-23,3813
2024-12-24,5572
2024-12-25,4719
2024-12-26,3301
2024-12-27,4711
2024-12-28,6804
2024-12-29,5248
2024-12-30,3697
2024-12-31,7048
2025-01-01,7090
2025-01-02,6458
2025-01-03,6029
2025-01-04,6038
2025-01-05,4437
2025-01-06,2811
2025-01-07,4980
2025-01-08,7371
2025-01-09,6706
2025-01-10,6475
2025-01-11,6671
2025-01-12,3915
2025-01-13,4060
2025-01-14,5553
2025-01-15,6200
2025-01-16,7047
2025-01-17,7013
2025-01-18,6759
2025-01-19,4357
2025-01-20,4086
2025-01-21,6217
2025-01-22,7775
2025-01-23,7384
2025-01-24,7984
2025-01-25,7193
2025-01-26,4759
2025-01-27,6168
2025-01-28,5534
2025-01-29,7404
2025-01-30,7078
2025-01-31,8411
2025-02-01,8161
2025-02-02,6061
2025-02-03,3401
2025-02-04,4764
2025-02-05,8601
2025-02-06,7153
2025-02-07,6780
2025-02-08,7161
2025-02-09,5036
2025-02-10,3599
2025-02-11,4412
2025-02-12,6206
2025-02-13,5915
2025-02-14,8785
2025-02-15,5485
2025-02-16,3985
2025-02-17,3383
2025-02-18,4342
2025-02-19,6661
2025-02-20,6693
2025-02-21,5457
2025-02-22,6632
2025-02-23,5106
2025-02-24,4581
2025-02-25,4252
2025-02-26,9675
2025-02-27,7754
2025-02-28,6014
2025-03-01,9275
2025-03-02,5654
2025-03-03,3711
2025-03-04,4406
2025-03-05,6824
2025-03-06,4493
2025-03-07,7878
2025-03-08,6362
2025-03-09,4681
2025-03-10,3146
2025-03-11,4887
2025-03-12,6591
2025-03-13,8253
2025-03-14,6552
2025-03-15,5966
2025-03-16,5201
2025-03-17,4008
2025-03-18,4950
2025-03-19,6702
2025-03-20,8462
2025-03-21,6401
2025-03-22,6417
2025-03-23,5734
2025-03-24,4513
2025-03-25,4793
2025-03-26,7587
2025-03-27,7397
2025-03-28,7519
2025-03-29,8813
2025-03-30,6003
2025-03-31,3629
2025-04-01,7030
2025-04-02,8584
2025-04-03,8432
2025-04-04,6869
2025-04-05,4846
2025-04-06,3258
2025-04-07,3075
2025-04-08,5327
2025-04-09,6958
2025-04-10,6286
2025-04-11,6711
2025-04-12,1995
2025-04-15,2854
2025-04-16,13061
2025-04-17,7923
2025-04-18,7128
2025-04-19,6006
2025-04-20,5077
2025-04-21,2792
2025-04-22,3294
2025-04-23,5758
2025-04-24,6185
2025-04-25,6753
2025-04-26,6233
2025-04-27,5674
2025-04-28,3382
2025-04-29,5651
2025-04-30,8427
2025-05-01,5125
2025-05-02,8688
2025-05-03,5571
2025-05-04,4150
2025-05-05,4037
2025-05-06,6099
2025-05-07,7057
2025-05-08,6420
2025-05-09,6549
2025-05-10,4473
2025-05-11,4732
2025-05-12,3364
2025-05-13,2740
2025-05-14,5083
2025-05-15,6147
2025-05-16,6763
2025-05-17,6350
2025-05-18,4408
2025-05-19,3373
2025-05-20,2953
2025-05-21,5110
2025-05-22,6329
2025-05-23,6792
2025-05-24,5479
2025-05-25,4511
2025-05-26,2975
2025-05-27,2027
2025-05-28,5955
2025-05-29,6295
2025-05-30,6471
2025-05-31,7020
2025-06-01,5708
2025-06-02,3874
2025-06-03,3778
2025-06-04,4592
2025-06-05,6686
2025-06-06,7037
2025-06-07,5950
2025-06-08,5124
2025-06-09,6092
2025-06-10,4369
2025-06-11,7302
2025-06-12,8248
2025-06-13,5840
2025-06-14,5781
2025-06-15,4501
2025-06-16,2982
2025-06-17,2842
2025-06-18,4661
2025-06-19,6465
2025-06-20,5205
2025-06-21,7127
2025-06-22,4403
2025-06-23,2449
2025-06-24,4003
2025-06-25,5317
2025-06-26,6289
2025-06-27,6666
2025-06-28,6783
2025-06-29,4951
2025-06-30,5901
2025-07-01,3290
2025-07-02,6530
2025-07-03,6327
2025-07-04,5957
2025-07-05,3299
2025-07-06,1683
2025-07-07,1988
2025-07-08,2899
2025-07-09,4054
2025-07-10,4588
2025-07-11,5528
2025-07-12,4721
2025-07-13,3823
2025-07-14,3457
2025-07-15,2946
2025-07-16,4387
2025-07-17,5421
2025-07-18,6948
2025-07-19,5026
2025-07-20,4067
2025-07-21,2443
2025-07-22,2592
2025-07-23,5041
2025-07-24,5484
2025-07-25,4991
2025-07-26,5088
2025-07-27,3929
2025-07-28,3197
2025-07-29,2535
2025-07-30,6701
2025-07-31,5645
2025-08-01,4984
2025-08-02,8475
2025-08-03,4497
2025-08-04,1877
2025-08-05,3209
2025-08-06,4938
2025-08-07,6186
2025-08-08,5312
2025-08-09,4808
2025-08-10,4245
2025-08-11,2311
2025-08-12,2912
2025-08-13,4357
2025-08-14,13616
2025-08-15,5586
2025-08-16,5569
2025-08-17,3650
2025-08-18,3252
2025-08-19,3027
2025-08-20,4732
2025-08-21,6227
2025-08-22,5426
2025-08-23,4499
2025-08-24,3938
2025-08-25,1853
2025-08-26,2914
2025-08-27,4569
2025-08-28,4293
2025-08-29,4452
2025-08-30,3981
2025-08-31,2983
2025-09-01,1547
2025-09-02,9067
2025-09-03,3159
2025-09-04,3114
2025-09-05,4318
2025-09-06,3234
2025-09-07,2335
2025-09-08,1067
2025-09-09,1504
2025-09-10,2409
2025-09-11,2711
2025-09-12,4189
2025-09-13,2928
2025-09-14,1950
2025-09-15,1397
2025-09-16,2471
2025-09-17,3375
2025-09-18,2875
2025-09-19,2654
2025-09-20,3194
2025-09-21,1938
2025-09-22,1287
2025-09-23,1121
2025-09-24,3147
2025-09-25,3328
2025-09-26,3300
2025-09-27,2802
2025-09-28,2108
2025-09-29,1350
2025-09-30,2458
2025-10-01,3721
2025-10-02,2347
2025-10-03,2841
2025-10-04,2381
2025-10-05,1820
2025-10-06,1344
2025-10-07,1559
2025-10-08,2811
2025-10-09,2417
2025-10-10,3082
2025-10-11,2311
2025-10-12,1348
2025-10-13,1002
2025-10-14,1838
2025-10-15,2417
2025-10-16,2373
2025-10-17,2508
2025-10-18,1774
2025-10-19,1604
2025-10-20,993
2025-10-21,1851
2025-10-22,2824
2025-10-23,3189
2025-10-24,3598
2025-10-25,1536
2025-10-26,3047
2025-10-27,1256
2025-10-28,1871
2025-10-29,2797
2025-10-30,2865
2025-10-31,2495
2025-11-01,2276
2025-11-02,1195
2025-11-03,1409
2025-11-04,2302
2025-11-05,2185
2025-11-06,2330
2025-11-07,2584
2025-11-08,1835
2025-11-09,1101
2025-11-10,1288
2025-11-11,1497
2025-11-12,2226
2025-11-13,2815
2025-11-14,2180
2025-11-15,2282
2025-11-16,1036
2025-11-17,1553
2025-11-18,2192
2025-11-19,3139
2025-11-20,2393
2025-11-21,2681
2025-11-22,2309
2025-11-23,1377
2025-11-24,1054
2025-11-25,2281
2025-11-26,2958
2025-11-27,2122
2025-11-28,1218
2025-11-29,1809
2025-11-30,1036
2025-12-01,1182
2025-12-02,2056
2025-12-03,2359
2025-12-04,3001
2025-12-05,2132
2025-12-06,1698
2025-12-07,1468
2025-12-08,1086
2025-12-09,1858
2025-12-10,2707
2025-12-11,2028
2025-12-12,2116
2025-12-13,2283
2025-12-14,1184
2025-12-15,962
2025-12-16,1969
2025-12-17,2337
2025-12-18,2415
2025-12-19,2441
2025-12-20,2641
2025-12-21,1277
2025-12-22,1699
2025-12-23,2214
2025-12-24,2060
2025-12-25,892
2025-12-26,575
2025-12-27,1675
2025-12-28,1473
2025-12-29,1069
2025-12-30,2208
2025-12-31,2663
2026-01-01,2141
2026-01-02,1257
2026-01-03,1951
2026-01-04,1568
2026-01-05,767
2026-01-06,1938
2026-01-07,3580
2026-01-08,2076
2026-01-09,2256
2026-01-10,2014
2026-01-11,1005
2026-01-12,945
2026-01-13,1925
2026-01-14,2449
2026-01-15,2886
2026-01-16,2811
2026-01-17,2216
2026-01-18,730
2026-01-19,1707
2026-01-20,1658
2026-01-21,2111
2026-01-22,1695
2026-01-23,3040
2026-01-24,2504
2026-01-25,1043
2026-01-26,815
2026-01-27,1294
2026-01-28,2108
2026-01-29,2426
2026-01-30,2489
2026-01-31,2272
2026-02-01,677
2026-02-02,2530
2026-02-03,1826
2026-02-04,2106
2026-02-05,2259
2026-02-06,2852
2026-02-07,1815
2026-02-08,1212
2026-02-09,1596
2026-02-10,1602
2026-02-11,2558
2026-02-12,1774
2026-02-13,3529
2026-02-14,2745
2026-02-15,1538
2026-02-16,1243
2026-02-17,1888
2026-02-18,2305
2026-02-19,3013
2026-02-20,13650
2026-02-21,3032
2026-02-22,1632
2026-02-23,1156
2026-02-24,3171
2026-02-25,2397
2026-02-26,4969
2026-02-27,3460
2026-02-28,3162
2026-03-01,1887
2026-03-02,1992
2026-03-03,2237
2026-03-04,3536
2026-03-05,3258
2026-03-06,2475
2026-03-07,2481
2026-03-08,1886
2026-03-09,1709
2026-03-10,2112
2026-03-11,8542
2026-03-12,3292
2026-03-13,2877
2026-03-14,1134
2026-03-15,2953
2026-03-16,1044
2026-03-17,2345
2026-03-18,1479
2026-03-19,6313
2026-03-20,3285
2026-03-21,2708
2026-03-22,2897
2026-03-23,1556
2026-03-24,1959
2026-03-25,3509
2026-03-26,2872
2026-03-27,3164
2026-03-28,2587
2026-03-29,2309
2026-03-30,2052
2026-03-31,2491
2026-04-01,5239
2026-04-02,4352
2026-04-03,3086
2026-04-04,2648
2026-04-05,1341
2026-04-06,1834
2026-04-07,1659
2026-04-08,3274
2026-04-09,2443
2026-04-10,3009
2026-04-11,2311
2026-04-12,1795
2026-04-13,1394
2026-04-14,1111
2026-04-15,3569
2026-04-16,3030
2026-04-17,3450
2026-04-18,2222
2026-04-19,1582
2026-04-20,960
2026-04-21,2000
2026-04-22,2815
2026-04-23,2827
2026-04-24,3025
2026-04-25,2027
2026-04-26,879
2026-04-27,984
2026-04-28,2530
2026-04-29,4502
2026-04-30,4511
2026-05-01,3196
2026-05-02,2839
2026-05-03,1521
2026-05-04,1209
2026-05-05,2546
2026-05-06,2414
2026-05-07,3507
2026-05-08,2284
2026-05-09,2214
2026-05-10,1570
2026-05-11,1014
2026-05-12,2992
2026-05-13,2242
2026-05-14,2912
2026-05-15,2097
2026-05-16,1594
2026-05-17,1063
2026-05-18,1443
2026-05-19,2341
2026-05-20,3931
2026-05-21,2233
2026-05-22,2341
2026-05-23,1978
2026-05-24,1161
2026-05-25,814
2026-05-26,2104
2026-05-27,2365
2026-05-28,2270
2026-05-29,3442
2026-05-30,2566
2026-05-31,1399
2026-06-01,2736
2026-06-02,2332
2026-06-03,2669
2026-06-04,2604
2026-06-05,2152
2026-06-06,1804
2026-06-07,976
2026-06-08,1184
2026-06-09,2068
2026-06-10,2305
2026-06-11,1971
2026-06-12,11503
2026-06-13,2897
2026-06-14,551
