database,schema,table,role,hour,rows
Megatron,dbo,ListingImageDownload_ReDownload,image_dl_queue,0,9226613
Megatron,dbo,ListingImageDownload_ReDownload,image_dl_queue,1,5187831
Megatron,dbo,ListingImageDownload_ReDownload,image_dl_queue,2,4832714
Megatron,dbo,ListingImageDownload_ReDownload,image_dl_queue,3,3980051
Megatron,dbo,ListingImageDownload_ReDownload,image_dl_queue,4,4782960
Megatron,dbo,ListingImageDownload_ReDownload,image_dl_queue,5,2691155
Megatron,dbo,ListingImageDownload_ReDownload,image_dl_queue,6,1950163
Megatron,dbo,ListingImageDownload_ReDownload,image_dl_queue,7,1172311
Megatron,dbo,ListingImageDownload_ReDownload,image_dl_queue,8,1898356
Megatron,dbo,ListingImageDownload_ReDownload,image_dl_queue,9,336709
Megatron,dbo,ListingImageDownload_ReDownload,image_dl_queue,10,587950
Megatron,dbo,ListingImageDownload_ReDownload,image_dl_queue,11,396882
Megatron,dbo,ListingImageDownload_ReDownload,image_dl_queue,12,218905
Megatron,dbo,ListingImageDownload_ReDownload,image_dl_queue,13,148105
Megatron,dbo,ListingImageDownload_ReDownload,image_dl_queue,14,129839
Megatron,dbo,ListingImageDownload_ReDownload,image_dl_queue,15,136124
Megatron,dbo,ListingImageDownload_ReDownload,image_dl_queue,16,186438
Megatron,dbo,ListingImageDownload_ReDownload,image_dl_queue,17,78306
Megatron,dbo,ListingImageDownload_ReDownload,image_dl_queue,18,80318
Megatron,dbo,ListingImageDownload_ReDownload,image_dl_queue,19,554153
Megatron,dbo,ListingImageDownload_ReDownload,image_dl_queue,20,1064663
Megatron,dbo,ListingImageDownload_ReDownload,image_dl_queue,21,3346018
Megatron,dbo,ListingImageDownload_ReDownload,image_dl_queue,22,11661284
Megatron,dbo,ListingImageDownload_ReDownload,image_dl_queue,23,12778464
Megatron,dbo,Listing,listings_live,0,465282
Megatron,dbo,Listing,listings_live,1,321788
Megatron,dbo,Listing,listings_live,2,334904
Megatron,dbo,Listing,listings_live,3,274298
Megatron,dbo,Listing,listings_live,4,197231
Megatron,dbo,Listing,listings_live,5,142717
Megatron,dbo,Listing,listings_live,6,87894
Megatron,dbo,Listing,listings_live,7,33661
Megatron,dbo,Listing,listings_live,8,85493
Megatron,dbo,Listing,listings_live,9,38412
Megatron,dbo,Listing,listings_live,10,35532
Megatron,dbo,Listing,listings_live,11,33330
Megatron,dbo,Listing,listings_live,12,23177
Megatron,dbo,Listing,listings_live,13,21141
Megatron,dbo,Listing,listings_live,14,21472
Megatron,dbo,Listing,listings_live,15,33468
Megatron,dbo,Listing,listings_live,16,13548
Megatron,dbo,Listing,listings_live,17,6215
Megatron,dbo,Listing,listings_live,18,7089
Megatron,dbo,Listing,listings_live,19,17148
Megatron,dbo,Listing,listings_live,20,36604
Megatron,dbo,Listing,listings_live,21,106577
Megatron,dbo,Listing,listings_live,22,646017
Megatron,dbo,Listing,listings_live,23,608128
RedDawn,dbo,SmartVDPClicks,vdp_clicks,0,143966
RedDawn,dbo,SmartVDPClicks,vdp_clicks,1,126863
RedDawn,dbo,SmartVDPClicks,vdp_clicks,2,146812
RedDawn,dbo,SmartVDPClicks,vdp_clicks,3,180051
RedDawn,dbo,SmartVDPClicks,vdp_clicks,4,232141
RedDawn,dbo,SmartVDPClicks,vdp_clicks,5,264377
RedDawn,dbo,SmartVDPClicks,vdp_clicks,6,285555
RedDawn,dbo,SmartVDPClicks,vdp_clicks,7,303692
RedDawn,dbo,SmartVDPClicks,vdp_clicks,8,312474
RedDawn,dbo,SmartVDPClicks,vdp_clicks,9,319385
RedDawn,dbo,SmartVDPClicks,vdp_clicks,10,336771
RedDawn,dbo,SmartVDPClicks,vdp_clicks,11,356672
RedDawn,dbo,SmartVDPClicks,vdp_clicks,12,371307
RedDawn,dbo,SmartVDPClicks,vdp_clicks,13,383417
RedDawn,dbo,SmartVDPClicks,vdp_clicks,14,416303
RedDawn,dbo,SmartVDPClicks,vdp_clicks,15,439542
RedDawn,dbo,SmartVDPClicks,vdp_clicks,16,488851
RedDawn,dbo,SmartVDPClicks,vdp_clicks,17,530733
RedDawn,dbo,SmartVDPClicks,vdp_clicks,18,554230
RedDawn,dbo,SmartVDPClicks,vdp_clicks,19,479172
RedDawn,dbo,SmartVDPClicks,vdp_clicks,20,370235
RedDawn,dbo,SmartVDPClicks,vdp_clicks,21,281362
RedDawn,dbo,SmartVDPClicks,vdp_clicks,22,180392
RedDawn,dbo,SmartVDPClicks,vdp_clicks,23,157305
WEB,dbo,FEEDADS,feed_ads,0,433325
WEB,dbo,FEEDADS,feed_ads,1,309946
WEB,dbo,FEEDADS,feed_ads,2,332651
WEB,dbo,FEEDADS,feed_ads,3,350128
WEB,dbo,FEEDADS,feed_ads,4,161146
WEB,dbo,FEEDADS,feed_ads,5,135806
WEB,dbo,FEEDADS,feed_ads,6,46778
WEB,dbo,FEEDADS,feed_ads,7,103580
WEB,dbo,FEEDADS,feed_ads,8,38251
WEB,dbo,FEEDADS,feed_ads,9,31026
WEB,dbo,FEEDADS,feed_ads,10,42225
WEB,dbo,FEEDADS,feed_ads,11,39921
WEB,dbo,FEEDADS,feed_ads,12,30864
WEB,dbo,FEEDADS,feed_ads,13,30675
WEB,dbo,FEEDADS,feed_ads,14,38617
WEB,dbo,FEEDADS,feed_ads,15,29891
WEB,dbo,FEEDADS,feed_ads,16,18082
WEB,dbo,FEEDADS,feed_ads,17,15448
WEB,dbo,FEEDADS,feed_ads,18,8632
WEB,dbo,FEEDADS,feed_ads,19,796
WEB,dbo,FEEDADS,feed_ads,20,173283
WEB,dbo,FEEDADS,feed_ads,21,482665
WEB,dbo,FEEDADS,feed_ads,22,718518
WEB,dbo,FEEDADS,feed_ads,23,641108
WEB,dbo,FEEDEXTRAS,feed_extras,0,270370
WEB,dbo,FEEDEXTRAS,feed_extras,1,716
WEB,dbo,FEEDEXTRAS,feed_extras,2,691
WEB,dbo,FEEDEXTRAS,feed_extras,3,564
WEB,dbo,FEEDEXTRAS,feed_extras,4,402
WEB,dbo,FEEDEXTRAS,feed_extras,5,932
WEB,dbo,FEEDEXTRAS,feed_extras,6,980
WEB,dbo,FEEDEXTRAS,feed_extras,7,504
WEB,dbo,FEEDEXTRAS,feed_extras,8,751
WEB,dbo,FEEDEXTRAS,feed_extras,9,592
WEB,dbo,FEEDEXTRAS,feed_extras,10,873
WEB,dbo,FEEDEXTRAS,feed_extras,11,1492
WEB,dbo,FEEDEXTRAS,feed_extras,12,750
WEB,dbo,FEEDEXTRAS,feed_extras,13,346
WEB,dbo,FEEDEXTRAS,feed_extras,14,426
WEB,dbo,FEEDEXTRAS,feed_extras,15,647
WEB,dbo,FEEDEXTRAS,feed_extras,16,2197
WEB,dbo,FEEDEXTRAS,feed_extras,17,906
WEB,dbo,FEEDEXTRAS,feed_extras,18,978
WEB,dbo,FEEDEXTRAS,feed_extras,19,1127
WEB,dbo,FEEDEXTRAS,feed_extras,20,2535
WEB,dbo,FEEDEXTRAS,feed_extras,21,1132
WEB,dbo,FEEDEXTRAS,feed_extras,22,967
WEB,dbo,FEEDEXTRAS,feed_extras,23,668
Megatron,dbo,PhyronVideos,phyron_videos,1,1639
Megatron,dbo,PhyronVideos,phyron_videos,2,830
Megatron,dbo,PhyronVideos,phyron_videos,3,13725
Megatron,dbo,PhyronVideos,phyron_videos,4,54
Megatron,dbo,PhyronVideos,phyron_videos,5,1192
Megatron,dbo,PhyronVideos,phyron_videos,6,6027
Megatron,dbo,PhyronVideos,phyron_videos,7,8907
Megatron,dbo,PhyronVideos,phyron_videos,8,6
Megatron,dbo,PhyronVideos,phyron_videos,9,177
Megatron,dbo,PhyronVideos,phyron_videos,10,2815
Megatron,dbo,PhyronVideos,phyron_videos,11,16155
Megatron,dbo,PhyronVideos,phyron_videos,12,26
Megatron,dbo,PhyronVideos,phyron_videos,13,1975
Megatron,dbo,PhyronVideos,phyron_videos,14,9611
Megatron,dbo,PhyronVideos,phyron_videos,15,13885
Megatron,dbo,PhyronVideos,phyron_videos,16,3904
Megatron,dbo,PhyronVideos,phyron_videos,17,6118
Megatron,dbo,PhyronVideos,phyron_videos,18,2645
Megatron,dbo,PhyronVideos,phyron_videos,19,6676
Megatron,dbo,PhyronVideos,phyron_videos,21,303
Megatron,dbo,PhyronVideos,phyron_videos,22,2465
Megatron,dbo,PhyronVideos,phyron_videos,23,6920
Megatron,dbo,ActivityLog,META_activity,0,214718
Megatron,dbo,ActivityLog,META_activity,1,208136
Megatron,dbo,ActivityLog,META_activity,2,201445
Megatron,dbo,ActivityLog,META_activity,3,200810
Megatron,dbo,ActivityLog,META_activity,4,210766
Megatron,dbo,ActivityLog,META_activity,5,214809
Megatron,dbo,ActivityLog,META_activity,6,210068
Megatron,dbo,ActivityLog,META_activity,7,206635
Megatron,dbo,ActivityLog,META_activity,8,211548
Megatron,dbo,ActivityLog,META_activity,9,199293
Megatron,dbo,ActivityLog,META_activity,10,194755
Megatron,dbo,ActivityLog,META_activity,11,184592
Megatron,dbo,ActivityLog,META_activity,12,188686
Megatron,dbo,ActivityLog,META_activity,13,179431
Megatron,dbo,ActivityLog,META_activity,14,183366
Megatron,dbo,ActivityLog,META_activity,15,181995
Megatron,dbo,ActivityLog,META_activity,16,180029
Megatron,dbo,ActivityLog,META_activity,17,178438
Megatron,dbo,ActivityLog,META_activity,18,187804
Megatron,dbo,ActivityLog,META_activity,19,179588
Megatron,dbo,ActivityLog,META_activity,20,182261
Megatron,dbo,ActivityLog,META_activity,21,190487
Megatron,dbo,ActivityLog,META_activity,22,213171
Megatron,dbo,ActivityLog,META_activity,23,213370
Megatron,dbo,FileDetails_Log,META_file_ingest,4,15870
Megatron,dbo,FileDetails_Log,META_file_ingest,5,15526
Megatron,dbo,FileDetails_Log,META_file_ingest,6,4745
Megatron,dbo,FileDetails_Log,META_file_ingest,7,299
Megatron,dbo,FileDetails_Log,META_file_ingest,8,3004
Megatron,dbo,FileDetails_Log,META_file_ingest,9,6
Megatron,dbo,FileDetails_Log,META_file_ingest,10,63
Megatron,dbo,FileDetails_Log,META_file_ingest,11,43
Megatron,dbo,FileDetails_Log,META_file_ingest,12,2965
Megatron,dbo,FileDetails_Log,META_file_ingest,13,36
Megatron,dbo,FileDetails_Log,META_file_ingest,15,5
Megatron,dbo,FileDetails_Log,META_file_ingest,16,3013
Megatron,dbo,FileDetails_Log,META_file_ingest,17,24
Megatron,dbo,FileDetails_Log,META_file_ingest,18,12
Megatron,dbo,FileDetails_Log,META_file_ingest,20,27667
Megatron,dbo,FileDetails_Log,META_file_ingest,23,28
Megatron,dbo,BackupLog,META_backups,0,14516
Megatron,dbo,BackupLog,META_backups,1,15010
Megatron,dbo,BackupLog,META_backups,2,10990
Megatron,dbo,BackupLog,META_backups,3,11556
Megatron,dbo,BackupLog,META_backups,4,11167
Megatron,dbo,BackupLog,META_backups,5,10287
Megatron,dbo,BackupLog,META_backups,6,9493
Megatron,dbo,BackupLog,META_backups,7,9490
Megatron,dbo,BackupLog,META_backups,8,9573
Megatron,dbo,BackupLog,META_backups,9,9501
Megatron,dbo,BackupLog,META_backups,10,9066
Megatron,dbo,BackupLog,META_backups,11,8020
Megatron,dbo,BackupLog,META_backups,12,7201
Megatron,dbo,BackupLog,META_backups,13,7212
Megatron,dbo,BackupLog,META_backups,14,7659
Megatron,dbo,BackupLog,META_backups,15,6725
Megatron,dbo,BackupLog,META_backups,16,6737
Megatron,dbo,BackupLog,META_backups,17,5971
Megatron,dbo,BackupLog,META_backups,18,7371
Megatron,dbo,BackupLog,META_backups,19,5772
Megatron,dbo,BackupLog,META_backups,20,10961
Megatron,dbo,BackupLog,META_backups,21,14199
Megatron,dbo,BackupLog,META_backups,22,14526
Megatron,dbo,BackupLog,META_backups,23,15708
RedDawn,dbo,ListingImageDownload_Queue_History,image_dl_queue_received,0,9203555
RedDawn,dbo,ListingImageDownload_Queue_History,image_dl_queue_received,1,16460084
RedDawn,dbo,ListingImageDownload_Queue_History,image_dl_queue_received,2,17474036
RedDawn,dbo,ListingImageDownload_Queue_History,image_dl_queue_received,3,17919528
RedDawn,dbo,ListingImageDownload_Queue_History,image_dl_queue_received,4,18062730
RedDawn,dbo,ListingImageDownload_Queue_History,image_dl_queue_received,5,17573282
RedDawn,dbo,ListingImageDownload_Queue_History,image_dl_queue_received,6,13571801
RedDawn,dbo,ListingImageDownload_Queue_History,image_dl_queue_received,7,5206516
RedDawn,dbo,ListingImageDownload_Queue_History,image_dl_queue_received,8,3160131
RedDawn,dbo,ListingImageDownload_Queue_History,image_dl_queue_received,9,1536871
RedDawn,dbo,ListingImageDownload_Queue_History,image_dl_queue_received,10,1380381
RedDawn,dbo,ListingImageDownload_Queue_History,image_dl_queue_received,11,1178485
RedDawn,dbo,ListingImageDownload_Queue_History,image_dl_queue_received,12,987122
RedDawn,dbo,ListingImageDownload_Queue_History,image_dl_queue_received,13,580205
RedDawn,dbo,ListingImageDownload_Queue_History,image_dl_queue_received,14,493668
RedDawn,dbo,ListingImageDownload_Queue_History,image_dl_queue_received,15,396398
RedDawn,dbo,ListingImageDownload_Queue_History,image_dl_queue_received,16,540340
RedDawn,dbo,ListingImageDownload_Queue_History,image_dl_queue_received,17,556768
RedDawn,dbo,ListingImageDownload_Queue_History,image_dl_queue_received,18,477070
RedDawn,dbo,ListingImageDownload_Queue_History,image_dl_queue_received,19,787967
RedDawn,dbo,ListingImageDownload_Queue_History,image_dl_queue_received,20,696188
RedDawn,dbo,ListingImageDownload_Queue_History,image_dl_queue_received,21,1623996
RedDawn,dbo,ListingImageDownload_Queue_History,image_dl_queue_received,22,8717207
RedDawn,dbo,ListingImageDownload_Queue_History,image_dl_queue_received,23,8513651
