date,samples,distinct_sessions,sum_cpu_ms,sum_logical_reads
2025-06-26,10106,214,1591550457,691925816447
2025-06-27,14727,191,3660473189,1625247793333
2025-06-28,12554,184,1714779643,832112081256
2025-06-29,12648,117,665091262,281293839947
2025-06-30,13779,139,907131970,351032886080
2025-07-01,14468,184,1483568068,592089543072
2025-07-02,15374,194,1896134554,778080053059
2025-07-03,14784,201,448496735,181860371938
2025-07-04,13119,122,602547121,246591138397
2025-07-05,12854,185,668353366,248115920487
2025-07-06,14010,191,936363542,339362596715
2025-07-07,13626,178,764418728,312312421112
2025-07-08,13767,166,714163551,287731326900
2025-07-09,14413,210,1145726249,448829387398
2025-07-10,16380,216,1157637081,449364833242
2025-07-11,14755,176,1590585036,781391380632
2025-07-12,14908,155,949826354,403394290800
2025-07-13,14977,206,1728924455,735228045050
2025-07-14,15841,208,1823434628,726432176073
2025-07-15,14376,133,1318232058,603874132764
2025-07-16,12594,132,767014702,315632826901
2025-07-17,10946,106,709071063,284892215844
2025-07-18,13023,205,1800679931,798597817451
2025-07-19,12219,200,2165745079,966955479433
2025-07-20,13052,190,635407813,291025992217
2025-07-21,12864,203,1143620113,499363668050
2025-07-22,11855,136,2148660340,977521486531
2025-07-23,11905,121,3397873789,1568234193408
2025-07-24,11984,122,934098115,380067375136
2025-07-25,12630,119,2024592900,940947535169
2025-07-26,12355,114,3297299995,1548237494224
2025-07-27,12255,121,4379976312,2024415912310
2025-07-28,12692,123,714343643,296909673606
2025-07-29,12915,125,1959216742,868826897483
2025-07-30,13014,131,3075817757,1404796276405
2025-07-31,12937,159,3966709166,1861244897999
2025-08-01,13067,128,5112553227,2397972937661
2025-08-02,13086,120,1720096441,668477300448
2025-08-03,12935,121,2228743426,941744681236
2025-08-04,13412,196,3237347037,1409996705058
2025-08-05,13449,133,3166939199,1538619177529
2025-08-06,13460,122,4150982348,1988309570237
2025-08-07,12974,133,2572224108,1188001520212
2025-08-08,13392,133,1555028219,650219398964
2025-08-09,13427,138,2465360220,1048847000981
2025-08-10,14694,203,1947971420,746847890472
2025-08-11,13685,126,1256870728,523970825085
2025-08-12,13760,149,2241129163,994739064371
2025-08-13,13546,130,2221721959,929765845898
2025-08-14,14002,138,1421908485,515744953553
2025-08-15,14091,145,2174897572,815425124100
2025-08-16,13478,134,1735260100,584020963306
2025-08-17,13293,133,2527440396,925378755976
2025-08-18,13151,207,1470148469,534589031203
2025-08-19,13367,125,1860301721,711264154704
2025-08-20,12797,118,2209375106,845251336453
2025-08-21,12235,166,1119641238,454738223945
2025-08-22,13127,131,993827038,359574091667
2025-08-23,12067,130,783833689,230059266519
2025-08-24,11731,126,1178957146,389434929583
2025-08-25,12424,129,1055571110,291165636357
2025-08-26,12612,121,1310395090,393332639354
2025-08-27,13364,140,1439071598,599114830025
2025-08-28,13811,128,697809566,221901766470
2025-08-29,14286,136,1137477772,385886197089
2025-08-30,12643,128,1826443392,636757691727
2025-08-31,12148,144,1132364308,326437329751
2025-09-01,12744,161,1973118861,668653411533
2025-09-02,13683,130,1987793856,718947393939
2025-09-03,13781,145,823170182,226425429352
2025-09-04,13721,134,786325744,215056084782
2025-09-05,13405,128,2107776114,677596824454
2025-09-06,13037,175,2792492999,899355680797
2025-09-07,12267,167,1222391327,323376766417
2025-09-08,13136,149,762165102,192769759781
2025-09-09,13880,131,545681963,101586548884
2025-09-10,14320,138,743605160,143963402913
2025-09-11,14094,168,874277174,174613435449
2025-09-12,14182,199,961536264,202997952630
2025-09-13,12323,125,1012845718,256226557918
2025-09-14,12723,196,815910546,178219152869
2025-09-15,13317,163,1149113620,274105108479
2025-09-16,12788,121,1040716156,209059477605
2025-09-17,12365,118,453567450,56317852052
2025-09-18,11980,187,396637575,87762319338
2025-09-19,11747,122,537248287,121633444975
2025-09-20,7246,121,234080520,53705633982
2025-09-21,11495,125,347634328,111296762182
2025-09-22,11547,158,594353730,189621537604
2025-09-23,11473,183,856087290,279197407458
2025-09-24,12374,188,671518764,254466979724
2025-09-25,11933,117,413121176,123109048579
2025-09-26,11952,115,672957620,196005868738
2025-09-27,11749,131,1019553247,297025933377
2025-09-28,11982,187,540676967,115622555417
2025-09-29,11529,115,424286512,91439669111
2025-09-30,13060,182,522339813,124399367433
2025-10-01,13659,127,638997616,152227458859
2025-10-02,12942,124,383177224,89996767811
2025-10-03,13169,193,312323748,57332448862
2025-10-04,11483,133,293173610,33977610394
2025-10-05,11408,110,333192493,38630680135
2025-10-06,11896,111,347452116,68967696286
2025-10-07,14799,193,341889368,51044384439
2025-10-08,17033,177,444505801,55373278650
2025-10-09,17659,183,392790110,37609401430
2025-10-10,16550,220,270826469,29116908942
2025-10-11,16040,151,312227566,82414716778
2025-10-12,15085,155,209204334,31839025951
2025-10-13,14898,176,337967851,39310647985
2025-10-14,14326,145,226114704,22773221106
2025-10-15,15082,228,126689376,15208201698
2025-10-16,14864,226,527103750,131149157527
2025-10-17,14286,215,155418584,56057112282
2025-10-18,14437,181,758269914,333522820552
2025-10-19,14329,184,460433386,174055633475
2025-10-20,14505,147,343858504,137088297920
2025-10-21,15429,209,522254383,183502778374
2025-10-22,16335,232,420231085,127413950241
2025-10-23,15624,151,442456534,126976160214
2025-10-24,15037,225,350843552,91910165849
2025-10-25,14230,144,515224747,170800253963
2025-10-26,13710,226,202692084,48244973878
2025-10-27,14695,143,752053161,330091842124
2025-10-28,14167,132,1380490262,621429183659
2025-10-29,13872,134,1134720076,527453661591
2025-10-30,13925,152,482404241,200476069369
2025-10-31,13345,127,716962678,291986132611
2025-11-01,14423,201,396873845,114682145828
2025-11-02,14009,222,615267129,209078773457
2025-11-03,14158,167,1315808830,594984087683
2025-11-04,14795,186,748526995,299041544577
2025-11-05,13696,147,620052097,196557059620
2025-11-06,13830,158,2273443041,619320618338
2025-11-07,13291,125,3938823580,1212572812290
2025-11-08,12735,190,5786857646,1930696078774
2025-11-09,11788,143,7416956600,2565661139263
2025-11-10,11823,117,8911758514,3170559511920
2025-11-11,11505,128,7532886213,2704132443190
2025-11-12,11632,115,460113213,161835383994
2025-11-13,12497,117,1158903642,429849111826
2025-11-14,13310,128,2670660206,980602022133
2025-11-15,12623,117,4409212260,1600972414977
2025-11-16,13100,190,6055196386,2137729212937
2025-11-17,13839,152,7737710819,2673550970173
2025-11-18,14042,148,9537266250,3264273809229
2025-11-19,13906,203,8849829117,3004257769804
2025-11-20,13051,157,808474397,257232180964
2025-11-21,13545,185,1552588359,515939057469
2025-11-22,13571,152,3790241817,1297793572003
2025-11-23,13140,126,5957494314,2062291052252
2025-11-24,13225,147,7897350089,2701279987852
2025-11-25,13431,195,9902379727,3323803281308
2025-11-26,13589,191,11922930489,3956702215414
2025-11-27,12841,182,13678072635,4518332175325
2025-11-28,12909,209,15629814801,5177468674373
2025-11-29,12090,120,17683433858,5891171740978
2025-11-30,12601,188,19556758415,6512635280529
2025-12-01,12760,130,21259337829,7055237841298
2025-12-02,12029,129,23093686684,7650259590147
2025-12-03,11244,107,24811472224,8190822452045
2025-12-04,11290,112,26361158406,8798963868870
2025-12-05,11037,106,28115973857,9428379691420
2025-12-06,11068,109,30017856288,10047753736337
2025-12-07,11247,116,31964310801,10665228835884
2025-12-08,11844,164,33821234862,11259383643150
2025-12-09,11619,158,25883527417,8601674577679
2025-12-10,11926,183,1326376493,394946201437
2025-12-11,11740,143,3120234720,942899938098
2025-12-12,11924,192,4917287347,1523467187645
2025-12-13,11191,104,6829997467,2116446515170
2025-12-14,11420,153,8695451402,2699634610021
2025-12-15,11847,130,11034524533,3435820785182
2025-12-16,12890,192,13150940748,4102165667764
2025-12-17,12383,152,11753972596,3660149361266
2025-12-18,10715,117,605435348,176221089124
2025-12-19,10956,178,2060941224,618222164105
2025-12-20,11704,160,3971135283,1185169541795
2025-12-21,10357,103,6172521867,1872749411267
2025-12-22,11592,169,8124411183,2465523114244
2025-12-23,12304,152,10151323734,3105324164270
2025-12-24,12271,163,11954408259,3655413367756
2025-12-25,12201,183,13795698359,4211135184310
2025-12-26,12659,186,15588045670,4763440840981
2025-12-27,12259,151,17303239517,5265691639698
2025-12-28,12533,184,19176071209,5854043628480
2025-12-29,12472,180,21018267993,6411875240530
2025-12-30,12532,175,23037166180,7096670362894
2025-12-31,12410,181,25001756603,7765159415743
2026-01-01,11860,118,26586311263,8316939758281
2026-01-02,12833,182,28297826213,8805539903058
2026-01-03,12576,127,29896347282,9244940966315
2026-01-04,12613,125,31925474558,9860178717938
2026-01-05,12424,128,33959901254,10491639274611
2026-01-06,13051,146,35650951337,10971205654347
2026-01-07,12974,129,37580228654,11543415373520
2026-01-08,12612,160,39525825977,12117710021396
2026-01-09,13720,223,41554452579,12731667486353
2026-01-10,12415,122,40727661197,12487872877870
2026-01-11,13078,203,35915089765,10991627071555
2026-01-12,13455,160,37713236469,11514289062581
2026-01-13,12639,150,28658581667,8721848868397
2026-01-14,12092,140,1374667362,367264936390
2026-01-15,11830,174,3163358128,874716344372
2026-01-16,11906,175,4967973986,1386753355046
2026-01-17,12142,114,6976615045,1986536964937
2026-01-18,12180,171,9284259749,2692802912087
2026-01-19,13000,194,11067569808,3229684032235
2026-01-20,12604,133,12765819064,3738737808421
2026-01-21,12581,163,11791829280,3452913777885
2026-01-22,11462,188,1176018584,315669393572
2026-01-23,12315,195,2989640733,822467203900
2026-01-24,10610,107,4483770931,1238251588632
2026-01-25,10566,104,5843250743,1675014991119
2026-01-26,12343,166,7119512014,2042362536806
2026-01-27,12521,194,8973850556,2580066262774
2026-01-28,13914,125,10989312529,3180253242218
2026-01-29,14798,129,12814638804,3693360264010
2026-01-30,15135,136,14637293902,4195738689885
2026-01-31,14900,129,16570667814,4722947467682
2026-02-01,15665,192,18393183838,5217834342254
2026-02-02,15179,210,19867693700,5600534687238
2026-02-03,15746,202,21164275603,6033365514323
2026-02-04,14140,195,22673619991,6497129124001
2026-02-05,12693,190,24599425975,6990817242115
2026-02-06,11650,141,26680759997,7551468718402
2026-02-07,10986,108,28788350775,8155815981163
2026-02-08,11195,115,30974172078,8791902943837
2026-02-09,13860,199,33091284535,9383689786943
2026-02-10,12904,124,25554083904,7216392831989
2026-02-11,12114,117,1766569911,486189830317
2026-02-12,12838,187,4666379975,1067242046752
2026-02-13,13011,120,2636870456,537472743582
2026-02-14,12424,117,4848108809,817885615452
2026-02-15,12033,193,8576278546,1399937273301
2026-02-16,11225,182,12160024003,1940103826397
2026-02-17,12410,167,15963279192,2470927173582
2026-02-18,12801,121,15409268388,2415064418792
2026-02-19,13674,191,2633667445,397241931948
2026-02-20,13324,127,6606615661,1006169245192
2026-02-21,14188,116,11414827451,1781660194098
2026-02-22,14740,194,15940350355,2514996833793
2026-02-23,13478,144,7003906870,1113348938363
2026-02-24,14582,130,4257171433,699832137372
2026-02-25,16190,140,8413968664,1358832155950
2026-02-26,16276,134,13231435833,2079811573874
2026-02-27,16105,128,17091890554,2631605452728
2026-02-28,15950,134,21033659688,3221663850870
2026-03-01,15868,134,25953922448,3944176388511
2026-03-02,16422,135,31098090302,4807267726518
2026-03-03,17647,163,36263277084,5741061053898
2026-03-04,17286,206,39589181263,6256760990985
2026-03-05,17806,213,42464939055,6649841435067
2026-03-06,17781,221,45276989749,7085108841078
2026-03-07,18779,211,48246752476,7542316875497
2026-03-08,17586,207,48938343473,7672401581407
2026-03-09,18800,197,53482149904,8394849213240
2026-03-10,16604,212,40385146062,6363500425700
2026-03-11,12027,190,1023846874,156191620155
2026-03-12,12366,180,2250558367,310560459038
2026-03-13,11828,150,5156239713,741384874591
2026-03-14,11123,114,9685499595,1380147917126
2026-03-15,11348,176,15607486699,2293641556755
2026-03-16,11873,112,20555364279,3083323029231
2026-03-17,12086,190,26395602520,3980900335524
2026-03-18,11603,184,25650441478,3853804742426
2026-03-19,11663,198,3782876618,517542458764
2026-03-20,11896,164,4973056310,664659075987
2026-03-21,11799,152,4931881339,625885268318
2026-03-22,11923,176,10007226259,1248309161495
2026-03-23,12220,109,16060018107,2103364933594
2026-03-24,12916,124,9016575737,1207973040210
2026-03-25,14255,193,5596676137,712255220381
2026-03-26,14332,125,8087313045,1026800299715
2026-03-27,15233,180,3777188646,513739745146
2026-03-28,14516,123,8514921049,1109291786643
2026-03-29,9483,103,13061363936,1763817142287
2026-03-30,9844,110,18103772532,2532406435860
2026-03-31,10167,104,7112580230,980440990491
2026-04-01,10576,102,5856457572,742631163106
2026-04-02,11761,179,11040073993,1471689361839
2026-04-03,11291,112,16364700965,2143435566006
2026-04-04,10391,112,21932781179,2877775983384
2026-04-05,10338,116,27453494742,3482847216982
2026-04-06,11899,120,32965508223,4112696768345
2026-04-07,12260,123,37914933297,4712107258664
2026-04-08,11342,123,42946249967,5299005471417
2026-04-09,11289,147,49224897600,6082969516506
2026-04-10,14467,196,55591465233,6860872308859
2026-04-11,13123,192,61849044909,7615092681482
2026-04-12,12828,112,67781175159,8202684642025
2026-04-13,14800,189,74432971342,9014625366058
2026-04-14,15227,167,58286755437,7024945561004
2026-04-15,13168,128,2907940817,305746712537
2026-04-16,14253,178,2169691081,229688686698
2026-04-17,14528,142,7267353733,768263828992
2026-04-18,14158,125,13458163390,1406818112094
2026-04-19,13954,120,19414783464,2069590838905
2026-04-20,15088,167,9809945710,1031487953306
2026-04-21,15090,124,7358816127,781846507002
2026-04-22,14774,151,13969337607,1473139801658
2026-04-23,14818,174,20552720043,2094608607651
2026-04-24,15102,179,27470028212,2759515329725
2026-04-25,14691,129,34712870651,3531574459259
2026-04-26,14484,125,41757101668,4280207371819
2026-04-27,15255,170,48343972827,4969742673847
2026-04-28,14657,120,54809109575,5616148538284
2026-04-29,13626,113,61700711377,6376060123044
2026-04-30,14589,126,68688444370,7083222657610
2026-05-01,15349,120,75928332856,7786413819774
2026-05-02,14293,125,83736955287,8520383491309
2026-05-03,14785,187,91650791444,9322974706612
2026-05-04,15305,208,99473630010,10113065888748
2026-05-05,15071,193,107007050219,10882013496788
2026-05-06,15300,152,114556966614,11539795010907
2026-05-07,17946,203,112999760436,11289484908571
2026-05-08,16851,127,111790725941,11098280518697
2026-05-09,14183,197,113387993304,11175264214789
2026-05-10,13578,119,114952916031,11252468409295
2026-05-11,15078,148,116381958316,11318578684593
2026-05-12,14965,166,85774420316,8297090501883
2026-05-13,14657,125,581743264,33266481283
2026-05-14,15079,165,1505094695,73939951676
2026-05-15,14645,164,2923571304,142949267356
2026-05-16,16164,194,4483608041,220556280125
2026-05-17,15092,209,6445402760,315081432205
2026-05-18,15549,200,7682203845,378692035051
2026-05-19,14177,144,9155303859,451076638784
2026-05-20,13783,131,8864935013,439188527025
2026-05-21,13039,117,517883026,31527149538
2026-05-22,15218,163,1706650589,91519689497
2026-05-23,12793,125,3024869963,157935327610
2026-05-24,12702,116,3964471703,207118673079
2026-05-25,12591,178,2482638692,130703231034
2026-05-26,13121,146,1734579516,86621903213
2026-05-27,14075,135,3819370318,201586800996
2026-05-28,13787,127,5482904534,276983276038
2026-05-29,14754,126,6350327701,308032418039
2026-05-30,12649,117,7356256262,351912652199
2026-05-31,11852,112,9042108702,432146863915
2026-06-01,13110,144,4688942443,225223338129
2026-06-02,13023,146,2151947003,104858414963
2026-06-03,12976,122,3693312057,184576773686
2026-06-04,13764,202,5738493518,275579315530
2026-06-05,13174,162,7803448498,374039659214
2026-06-06,13163,151,9815511141,464006781283
2026-06-07,12863,132,11798326375,551117280007
2026-06-08,13688,173,14196874848,660076492634
2026-06-09,13879,167,16203424969,751101003994
2026-06-10,12748,121,18000980707,831489903322
2026-06-11,14201,181,6839882432,319626769203
2026-06-12,14660,137,2464202906,158148994038
2026-06-13,13813,163,5099221787,268687767888
2026-06-14,8980,191,1589525649,82011435393
