component,subject,total,exceptions,days_active,first_seen,last_seen
lead_create_process,lead_create log,4397701,0,81,2026-03-26 23:01:00.757000,2026-06-14 14:13:00.793000
RLScriptService,ExportConfigBlob.ps1,3059268,1,81,2026-03-26 23:00:38.180000,2026-06-14 14:10:56.300000
lead_consolidate_process_2,Path,2703113,0,81,2026-03-26 23:01:00.757000,2026-06-14 14:13:00.793000
initiate_campaign_status_process,initiate_campaign_status_process Completed,1005837,0,81,2026-03-26 23:01:00.837000,2026-06-14 14:13:00.810000
lead_consolidate_process_2,txn_paload value,678836,0,81,2026-03-26 23:01:00.757000,2026-06-14 14:13:00.793000
smart_quote_lead_status_upsert,Status Updated,550800,0,81,2026-03-26 23:01:00.633000,2026-06-14 14:13:00.870000
franchise_rep_update_pending_process_2,sqnp2 test,550796,0,81,2026-03-26 23:01:00.850000,2026-06-14 14:13:00.810000
franchise_rep_update_pending_process_2,smart_quote_new_process_2 called,288769,0,81,2026-03-26 23:01:01.977000,2026-06-14 14:11:01.863000
franchise_rep_update_pending_process_2,smart_quote_used_process_2 called,262027,0,81,2026-03-26 23:01:00.850000,2026-06-14 14:13:00.810000
franchise_consumer_franchise_rep_upsert,CRM AR/Generic Updating Contact,235170,0,81,2026-03-26 23:01:00.900000,2026-06-14 14:11:01.780000
RLScriptService,EnqueueMessageToAzureQueue.ps1,234626,610,81,2026-03-26 23:01:13.367000,2026-06-14 14:11:21.753000
execute_every_1_min,Process Azure LeadHistory Queue,229344,0,81,2026-03-26 23:01:00.710000,2026-06-14 14:13:00.857000
RLScriptService,LeadHistoryCreateMsgFromAzure.ps1,126140,35,81,2026-03-26 23:01:13.383000,2026-06-14 14:13:28.793000
RLScriptService,FranchiseVehiclePricingUpdateMsgFromAzure.ps1,114674,32,81,2026-03-26 23:01:09.150000,2026-06-14 14:13:17.747000
RLScriptService,FranchiseVehicleQuoteUpdateMsgFromAzure.ps1,114674,30,81,2026-03-26 23:01:00.663000,2026-06-14 14:13:20.887000
RLScriptService,FranchiseInventoryPricingUpdateMsgFromAzure.ps1,114673,32,81,2026-03-26 23:00:26.633000,2026-06-14 14:13:16.337000
RLScriptService,CustomerRapidTouchUpdateMsgFromAzure.ps1,114673,26,81,2026-03-26 23:00:37.837000,2026-06-14 14:13:16.793000
RLScriptService,SendEmailsFromQueue.ps1,114673,37,81,2026-03-26 23:00:39.663000,2026-06-14 14:12:31.347000
RLScriptService,FranchisePixelTrackingUpdateMsgFromAzure.ps1,114673,31,81,2026-03-26 23:01:13.367000,2026-06-14 14:13:28.793000
RLScriptService,CRMAutoResponseMsgFromAzure.ps1,114673,34,81,2026-03-26 23:00:24.913000,2026-06-14 14:13:10.980000
execute_every_1_min,Invoke lead_consolidate_receiver,114672,0,81,2026-03-26 23:01:00.727000,2026-06-14 14:13:00.870000
execute_every_1_min,Invoke mailbox_create,114672,0,81,2026-03-26 23:01:00.727000,2026-06-14 14:13:00.870000
execute_every_1_min,Invoke logix_monitor_job_process,114672,0,81,2026-03-26 23:01:00.710000,2026-06-14 14:13:00.857000
execute_every_1_min,Process FranchisePixelTracking Updates,114672,0,81,2026-03-26 23:01:00.697000,2026-06-14 14:13:00.857000
execute_every_1_min,Process NDR Log Queue,114672,0,81,2026-03-26 23:01:00.680000,2026-06-14 14:13:00.840000
execute_every_1_min,Invoke create_lead_history_receiver,114672,0,81,2026-03-26 23:01:00.710000,2026-06-14 14:13:00.857000
execute_every_1_min,Process Azure Inventory Updates,114672,0,81,2026-03-26 23:01:00.697000,2026-06-14 14:13:00.840000
execute_every_1_min,Process crmautoresponsequeue,114672,0,81,2026-03-26 23:01:00.680000,2026-06-14 14:13:00.840000
execute_every_1_min,Process SmartQuoteNewFranchise Updates,114672,0,81,2026-03-26 23:01:00.697000,2026-06-14 14:13:00.857000
execute_every_1_min,Invoke initiate_campaign_holding_receiver,114672,0,81,2026-03-26 23:01:00.710000,2026-06-14 14:13:00.857000
execute_every_1_min,Process Azure Franchise Region Updates,114672,0,81,2026-03-26 23:01:00.697000,2026-06-14 14:13:00.840000
RLScriptService,SmartQuoteNewFranchiseUpdateMsgFromAzure.ps1,114672,25,81,2026-03-26 23:00:37.837000,2026-06-14 14:13:17.730000
execute_every_1_min,Process Azure Rapid Touch Updates,114672,0,81,2026-03-26 23:01:00.697000,2026-06-14 14:13:00.840000
RLScriptService,FranchiseConsumerMgmtUpdateMsgFromAzure.ps1,114672,30,81,2026-03-26 23:00:29.757000,2026-06-14 14:13:23.777000
execute_every_1_min,Process MailboxQueue,114671,0,81,2026-03-26 23:01:00.663000,2026-06-14 14:13:00.823000
execute_every_1_min,Process SmartQuoteStatusQueue,114671,0,81,2026-03-26 23:01:00.663000,2026-06-14 14:13:00.823000
RLScriptService,NDRLogMsgFromAzure.ps1,114671,33,81,2026-03-26 23:00:24.197000,2026-06-14 14:13:26.793000
execute_every_1_min,Process FC Mgmt Updates From Azure,114671,0,81,2026-03-26 23:01:00.650000,2026-06-14 14:13:00.823000
RLScriptService,FranchiseRegionUpdateMsgFromAzure.ps1,114671,29,81,2026-03-26 23:00:23.990000,2026-06-14 14:13:11.840000
execute_every_1_min,Invoke mailbox_update,114670,0,81,2026-03-26 23:01:00.727000,2026-06-14 14:13:00.870000
execute_every_1_min,Invoke phone_call_completed_receiver,114669,0,81,2026-03-26 23:01:00.617000,2026-06-14 14:13:00.730000
execute_every_1_min,Invoke email_deliverability_lockout_process,114669,0,81,2026-03-26 23:01:00.617000,2026-06-14 14:13:00.730000
RLScriptService,SmartQuoteStatus.ps1,114669,27,81,2026-03-26 23:00:37.837000,2026-06-14 14:13:24.793000
execute_every_1_min,Invoke exception_log_receiver,114669,0,81,2026-03-26 23:01:00.617000,2026-06-14 14:13:00.730000
execute_every_1_min,Invoke franchise_vehicle_config_client_install_receiver,114669,0,81,2026-03-26 23:01:00.617000,2026-06-14 14:13:00.730000
execute_every_1_min,Invoke consumer_subscription_receiver,114669,0,81,2026-03-26 23:01:00.617000,2026-06-14 14:13:00.730000
execute_every_1_min,Invoke process_log_receiver,114668,0,81,2026-03-26 23:01:00.727000,2026-06-14 14:13:00.730000
RLScriptService,MailboxMsgFromAzure.ps1,114666,33,81,2026-03-26 23:00:26.710000,2026-06-14 14:13:25.793000
franchise_rep_update_pending_process_2,smart_quote_process not called,111290,0,81,2026-03-26 23:01:00.977000,2026-06-14 14:12:00.427000
franchise_rep_upsert,"franchise_rep_upsert, Line: 236",64444,64444,81,2026-03-26 23:03:00.517000,2026-06-14 14:12:00.520000
lead_create_process,"lead_upsert, Line: 169",64317,64317,81,2026-03-26 23:03:00.517000,2026-06-14 14:12:00.520000
franchise_rep_upsert,"franchise_rep_upsert, Line: 106",64257,64257,81,2026-03-26 23:03:00.500000,2026-06-14 14:12:00.507000
franchise_consumer_franchise_rep_upsert,"franchise_consumer_franchise_rep_upsert, Line: 228",64251,64251,81,2026-03-26 23:03:00.517000,2026-06-14 14:12:00.520000
execute_every_1_min,Process send_email_queues,57337,0,81,2026-03-26 23:01:00.743000,2026-06-14 14:13:00.747000
lead_create_process,"lead_create_process, Line: 105",48917,48917,81,2026-03-26 23:25:01.077000,2026-06-14 13:23:00.953000
SQL execute_every_10_mins,Invoke FranchiseVehicleExport.ps1,24146,0,66,2026-03-27 07:41:00.790000,2026-06-13 10:21:01.133000
SQL execute_every_10_mins,Invoke ndr_log_create_receiver,22936,0,81,2026-03-26 23:01:00.803000,2026-06-14 14:11:01.343000
SQL execute_every_10_mins,initiate_campaign_receiver_queue_cleanup,22936,0,81,2026-03-26 23:01:00.790000,2026-06-14 14:11:01.327000
SQL execute_every_10_mins,Invoke spam_complaint_receiver,22936,0,81,2026-03-26 23:01:00.803000,2026-06-14 14:11:01.327000
SQL execute_every_10_mins,Invoke crm_lead_forwarding_email_export_process,22936,0,81,2026-03-26 23:01:00.803000,2026-06-14 14:11:01.360000
SQL execute_every_10_mins,Process Azure FranchiseConsumerTxnCreateQueue,22936,0,81,2026-03-26 23:01:00.820000,2026-06-14 14:11:01.373000
SQL execute_every_10_mins,Invoke franchise_status_upsert,22936,0,81,2026-03-26 23:01:00.803000,2026-06-14 14:11:01.343000
RLScriptService,FranchiseVehicleQuoteRebuildFromAzure.ps1,22936,6,81,2026-03-26 23:00:24.460000,2026-06-14 14:10:13.877000
SQL execute_every_10_mins,Invoke ExecuteRetryTxnAuto,22936,0,81,2026-03-26 23:01:00.790000,2026-06-14 14:11:01.327000
SQL execute_every_10_mins,Invoke ReactivationMsgFromAzure,22936,0,81,2026-03-26 23:01:00.837000,2026-06-14 14:11:01.373000
SQL execute_every_10_mins,Invoke franchise_rep_export_process,22936,0,81,2026-03-26 23:01:00.790000,2026-06-14 14:11:01.313000
SQL execute_every_10_mins,Invoke FranchiseVehicleConfigClientUpdateMsgFromAzure,22936,0,81,2026-03-26 23:01:00.837000,2026-06-14 14:11:01.373000
SQL execute_every_10_mins,Process Azure LeadHistory Queue,22936,0,81,2026-03-26 23:01:00.820000,2026-06-14 14:11:01.360000
SQL execute_every_10_mins,Invoke franchise_vehicle_quote_manual_rebuild_receiver,22936,0,81,2026-03-26 23:01:00.790000,2026-06-14 14:11:01.313000
SQL execute_every_10_mins,Invoke FranchiseConsumerExport.ps1,22936,0,81,2026-03-26 23:01:00.773000,2026-06-14 14:11:01.313000
SQL execute_every_10_mins,Process Spam Complaint Queue,22936,0,81,2026-03-26 23:01:00.820000,2026-06-14 14:11:01.360000
SQL execute_every_10_mins,Process Azure UnsubscriptionEmail Queue,22936,0,81,2026-03-26 23:01:00.820000,2026-06-14 14:11:01.360000
RLScriptService,SmartFactsReportStatusUpdateMsgFromAzure.ps1,22935,6,81,2026-03-26 23:01:13.383000,2026-06-14 14:10:47.340000
execute_every_1_min,Process Smart Facts Report Status Update Queue,22935,0,81,2026-03-26 23:01:00.743000,2026-06-14 14:11:01.307000
execute_every_1_min,Invoke franchise_vehicle_quote_calculate_pricing_receiver,22935,0,81,2026-03-26 23:01:00.743000,2026-06-14 14:11:01.290000
SQL execute_every_10_mins,Invoke SettingUpdateMsgFromAzure,22932,0,81,2026-03-26 23:01:00.697000,2026-06-14 14:10:00.780000
SQL execute_every_10_mins,Invoke CustomerInventoryCalculatedUpdateMsgFromAzure,22932,0,81,2026-03-26 23:01:00.680000,2026-06-14 14:10:00.780000
SQL execute_every_10_mins,Invoke FranchiseVehicleQuoteBlobExport,22932,0,81,2026-03-26 23:01:00.697000,2026-06-14 14:10:00.793000
SQL execute_every_10_mins,Invoke CustomerInventorySourceUpdateMsgFromAzure,22932,0,81,2026-03-26 23:01:00.680000,2026-06-14 14:10:00.780000
SQL execute_every_10_mins,Invoke FranchiseVehicleQuoteRebuildPriorityMsgFromAzure,22932,0,81,2026-03-26 23:01:00.650000,2026-06-14 14:10:00.763000
SQL execute_every_10_mins,Invoke FranchiseVehicleQuoteRebuildMsgFromAzure,22930,0,81,2026-03-26 23:01:00.633000,2026-06-14 14:10:00.763000
execute_every_1_min,Invoke CustomerInventoryUpload.ps1 (Homenet Inventory Upload),21006,0,80,2026-03-27 08:01:00.530000,2026-06-14 14:11:01.290000
execute_every_1_min,Invoke homenet_inventory_import_process,21006,0,80,2026-03-27 08:01:00.530000,2026-06-14 14:11:01.277000
execute_every_1_min,Invoke CustomerInventoryUpload.ps1 (Autobase Inventory Upload),21006,0,80,2026-03-27 08:01:00.530000,2026-06-14 14:11:01.290000
execute_every_15_mins_process,Invoke franchise_vehicle_add_remove_process,15286,0,81,2026-03-26 23:01:00.743000,2026-06-14 14:01:01.247000
execute_every_15_mins_process,Invoke FranchiseConsumerRepReassign.ps1,15286,0,81,2026-03-26 23:01:00.743000,2026-06-14 14:01:01.233000
execute_every_15_mins_process,Invoke franchise_vehicle_quote_delete_process,15285,0,81,2026-03-26 23:01:00.663000,2026-06-14 14:01:01.233000
execute_every_15_mins_process,Invoke create_send_email_log_receiver,15284,0,81,2026-03-26 23:01:00.633000,2026-06-14 14:01:01.107000
execute_every_15_mins_process,Invoke consumer_subscription_receiver,15284,0,81,2026-03-26 23:01:00.650000,2026-06-14 14:01:01.123000
RLScriptService,FranchiseVehicleExport.ps1,12076,0,66,2026-03-27 07:40:51.693000,2026-06-13 10:21:11.973000
lead_consolidate_process_2,lead_consolidate_process log,12001,0,80,2026-03-27 00:06:00.320000,2026-06-14 13:16:01.027000
RLScriptService,FranchiseVehicleQuoteBlobExport.ps1,11468,4,81,2026-03-26 23:00:37.837000,2026-06-14 14:10:22.787000
RLScriptService,CustomerInventorySourceUpdateFromAzure.ps1,11468,3,81,2026-03-26 23:00:25.240000,2026-06-14 14:10:20.723000
RLScriptService,SettingUpdateFromAzure.ps1,11468,4,81,2026-03-26 23:01:09.663000,2026-06-14 14:10:20.740000
RLScriptService,CustomerInventoryCalculatedUpdateFromAzure.ps1,11467,3,81,2026-03-26 23:00:24.523000,2026-06-14 14:10:17.983000
RLScriptService,RetryTxnAuto.ps1,11467,2,81,2026-03-26 23:02:53.803000,2026-06-14 14:12:00.850000
RLScriptService,ReactivationMsgFromAzure.ps1,11467,2,81,2026-03-26 23:01:17.133000,2026-06-14 14:11:03.947000
RLScriptService,FranchiseVehicleConfigClientUpdateMsgFromAzure.ps1,11467,2,81,2026-03-26 23:01:25.227000,2026-06-14 14:11:05.910000
RLScriptService,UnsubscriptionEmailMsgFromAzure.ps1,11467,3,81,2026-03-26 23:01:17.650000,2026-06-14 14:10:50.107000
RLScriptService,FranchiseConsumerExport.ps1,11467,4,81,2026-03-26 23:01:57.367000,2026-06-14 14:11:34.567000
RLScriptService,FranchiseConsumerTxnCreateFromAzure.ps1,11467,3,81,2026-03-26 23:01:18.507000,2026-06-14 14:11:00.213000
RLScriptService,SpamComplaintMsgFromAzure.ps1,11467,3,81,2026-03-26 23:01:17.210000,2026-06-14 14:10:50.107000
SQL execute_every_10_mins_Receivers,EXECUTE dbo.lead_disposition_reporter_status_receiver,11466,0,81,2026-03-26 23:01:00.680000,2026-06-14 14:10:00.810000
SQL execute_every_10_mins_Receivers,EXECUTE dbo.franchise_vehicle_quote_calculate_pricing_receiver,11465,0,81,2026-03-26 23:01:00.633000,2026-06-14 14:10:00.747000
SQL execute_every_10_mins_Receivers,EXECUTE dbo.create_web_campaign_log_receiver,11465,0,81,2026-03-26 23:01:00.650000,2026-06-14 14:10:00.763000
SQL execute_every_10_mins_Receivers,EXECUTE dbo.audit_trail_create_receiver,11465,0,81,2026-03-26 23:01:00.650000,2026-06-14 14:10:00.747000
SQL execute_every_10_mins_Receivers,EXECUTE dbo.franchise_consumer_subscription_receiver,11465,0,81,2026-03-26 23:01:00.663000,2026-06-14 14:10:00.793000
SQL execute_every_10_mins_Receivers,EXECUTE dbo.reactivate_consumer_status_receiver;,11465,0,81,2026-03-26 23:01:00.663000,2026-06-14 14:10:00.763000
FranchiseVehicleQuoteBlobExport,Exporting FVQ Blobs complete ...,11463,0,81,2026-03-26 23:01:01.150000,2026-06-14 14:11:01.470000
FranchiseVehicleQuoteBlobExport,Exporting FVQ Blobs started ...,11463,0,81,2026-03-26 23:01:01.150000,2026-06-14 14:11:01.470000
FranchiseVehicleQuoteBlobExport,FranchiseVehicleQuoteBlobExport started ...,11463,0,81,2026-03-26 23:01:01.117000,2026-06-14 14:11:01.470000
franchise_consumer_subscription_upsert,Params,10338,0,81,2026-03-26 23:11:00.287000,2026-06-14 14:10:00.810000
RLScriptService,FranchiseConsumerRepReassign.ps1,7645,4,81,2026-03-26 23:01:13.367000,2026-06-14 14:00:40.437000
execute_every_60_mins_quick_process,Salesforce Processing,3824,0,81,2026-03-26 23:03:00.453000,2026-06-14 14:03:02.487000
execute_every_60_mins_process,Clean up cache_campaign_action,3824,0,81,2026-03-26 23:01:00.837000,2026-06-14 14:01:01.310000
execute_every_60_mins_process,Invoke custom_pause_smart_follow_process,3824,0,81,2026-03-26 23:01:00.850000,2026-06-14 14:01:01.310000
execute_every_60_mins_process,Invoke smart_follow_process,3821,0,81,2026-03-26 23:01:00.633000,2026-06-14 14:01:01.310000
execute_every_60_mins_quick_process,Invoke homenet_inventory_import_process,2072,0,81,2026-03-26 23:03:00.453000,2026-06-14 07:03:00.900000
RLScriptService,LeadDetailReport.ps1,1982,1982,2,2026-04-27 01:00:23,2026-04-28 01:45:31.477000
execute_every_60_mins_quick_process,AuthenticomImport.ps1,1912,0,81,2026-03-26 23:03:00.453000,2026-06-14 14:03:02.503000
RLScriptService,AuthenticomImport.ps1,1912,1,81,2026-03-26 23:03:43.020000,2026-06-14 14:03:21.273000
franchise_rep_update_pending_process_2,"franchise_rep_update_pending_process_2, Line: 246",1539,1539,80,2026-03-27 07:07:01.050000,2026-06-14 13:22:00.617000
franchise_consumer_subscription_queue,Null franchise_consumer_id,1372,1372,7,2026-04-23 10:20:01.070000,2026-06-13 14:32:01.330000
execute_every_60_mins_sa_process,oem_vehicle_locator_build_clean_up_process,796,0,80,2026-03-27 06:01:02.373000,2026-06-14 14:01:01.123000
RLScriptService,QueueMonitor.ps1,680,680,3,2026-04-26 11:40:12.847000,2026-04-28 11:05:14.653000
InitiateCampaign,IC: Prospect ID Update Log,647,0,80,2026-03-27 05:51:01.190000,2026-06-14 13:14:00.533000
"InitiateCampaign, Version=1.0.0.0, Culture=neutral, PublicKeyToken=null",GetInitiateCampaignSupplementReaderData Failure,510,510,63,2026-03-27 11:51:00.887000,2026-06-14 07:42:02.783000
RLScriptService,SmartFollowSummaryReport.ps1,499,0,2,2026-04-27 01:00:24.517000,2026-04-28 01:09:52.727000
RLScriptService,SqlAzureExecute.ps1,480,0,81,2026-03-26 23:03:17.683000,2026-06-14 11:03:38.530000
process_log_upsert,"process_log_upsert, Line: 19",396,396,36,2026-03-27 10:48:00.543000,2026-06-09 09:20:01.130000
RLScriptService,VehicleConfigFollowUpUpdateMsgFromAzure.ps1,381,381,3,2026-04-26 11:40:12.817000,2026-04-28 10:55:13.457000
QuoteVehicleSelection,ApplyDealerInventoryPricingUpdates Failure,367,367,45,2026-03-30 02:56:00.327000,2026-06-13 13:31:01.043000
execute_every_60_mins_quick_process,Invoke SqlAzureExecute franchise_sql_azure_execute_reader,320,0,81,2026-03-26 23:03:00.470000,2026-06-14 11:03:00.820000
execute_every_60_mins_quick_process,Invoke SqlAzureExecute customer_sql_azure_execute_reader,320,0,81,2026-03-26 23:03:00.470000,2026-06-14 11:03:00.807000
execute_every_60_mins_quick_process,Invoke SqlAzureExecute vehicle_sql_azure_execute_reader,320,0,81,2026-03-26 23:03:00.483000,2026-06-14 11:03:00.820000
RLScriptService,SMTPDomainFunctions.ps1,241,0,34,2026-03-27 10:47:51.113000,2026-06-09 09:19:33.260000
ndr_log_process,Email NDR without FC,228,0,75,2026-03-27 02:32:00.110000,2026-06-14 12:17:00.523000
SmartQuote,"Value cannot be null.
Parameter name: input",226,226,6,2026-03-26 16:17:47.060000,2026-06-12 10:46:38.197000
customer_contact_upsert,"customer_contact_upsert, Line: 264",199,199,44,2026-03-27 07:07:01.067000,2026-06-11 17:09:01.153000
customer_contact_upsert,"contact_upsert, Line: 107",190,190,44,2026-03-27 07:07:01.067000,2026-06-11 17:09:01.153000
franchise_rep_update_pending_process_2,"franchise_consumer_franchise_rep_upsert, Line: 228",187,187,44,2026-03-27 07:07:01.067000,2026-06-11 17:09:01.153000
RLScriptService,LogSummaryReport.ps1,174,174,3,2026-04-26 12:00:05.750000,2026-04-28 11:00:10.313000
execute_at_2300,Export Franchises Blob,160,0,80,2026-03-26 23:01:00.773000,2026-06-13 23:01:00.967000
execute_at_0300,franchise_vehicle_refresh,160,80,80,2026-03-27 03:02:00.630000,2026-06-14 03:02:00.613000
execute_at_0300,Invoke vehicle_refresh,160,0,80,2026-03-27 03:01:00.207000,2026-06-14 03:01:00.940000
execute_every_60_mins_process,Mid-day franchise_vehicle_refresh,160,80,80,2026-03-27 12:01:00.963000,2026-06-14 12:01:02.173000
execute_at_0300,FranchiseVehicleQuoteRebuild,160,0,80,2026-03-27 03:02:00.630000,2026-06-14 03:02:00.537000
execute_every_60_mins_process,Invoke customer_contact_am_refresh,160,0,80,2026-03-27 10:01:01.520000,2026-06-14 10:01:01.403000
execute_every_60_mins_quick_process,FranchiseVehicleQuoteRebuild,160,0,80,2026-03-27 05:03:00.980000,2026-06-14 05:03:00.993000
execute_every_60_mins_quick_process,Customer Inventory Refresh Started,160,80,80,2026-03-27 00:03:01.193000,2026-06-14 00:03:00.797000
execute_at_0300,franchise_vehicle_quote_honda_acura_refresh,160,0,80,2026-03-27 03:02:00.630000,2026-06-14 03:02:00.537000
execute_at_0300,Invoke oem_vehicle_locator_search_key_subregion_mfg_code_refresh,160,0,80,2026-03-27 03:01:00.287000,2026-06-14 03:01:01.033000
execute_at_2300,Export Customers Blob,160,0,80,2026-03-26 23:01:00.773000,2026-06-13 23:01:00.950000
RLScriptService,FranchiseVehicleQuoteRebuild.ps1,160,0,80,2026-03-27 03:01:33.240000,2026-06-14 05:04:50.840000
execute_at_0300,franchise_vehicle_add_remove_refresh,160,0,80,2026-03-27 03:01:00.330000,2026-06-14 03:02:00.537000
execute_at_0300,Invoke preparation_process Procedures,160,0,80,2026-03-27 03:01:00.330000,2026-06-14 03:01:01.033000
franchise_vehicle_refresh,"franchise_vehicle_refresh, Line: 13",160,160,80,2026-03-27 03:02:00.723000,2026-06-14 12:01:02.173000
execute_every_60_mins_process,Invoke vehicle_config_import_process,158,0,79,2026-03-27 22:01:00.450000,2026-06-13 22:01:00.727000
execute_at_2300,Mark Off Test Leads,158,0,80,2026-03-26 23:01:00.710000,2026-06-13 23:01:00.950000
execute_every_60_mins_process,Invoke vehicle_config_download_process,158,0,79,2026-03-27 21:01:01.397000,2026-06-13 21:01:01.330000
execute_every_60_mins_sa_process,execute_at_2300,157,0,80,2026-03-26 23:01:00.633000,2026-06-13 23:01:00.967000
execute_at_2300,Database Maintenance,155,0,78,2026-03-26 23:01:00.650000,2026-06-13 23:01:00.950000
database_maintenance_process,Audit Trail Archive,155,0,78,2026-03-26 23:01:00.680000,2026-06-13 23:01:00.950000
xp_cmdshell,"xp_cmdshell, Line: 1",149,149,76,2026-03-26 23:01:02.133000,2026-06-13 23:01:01.467000
contact_upsert,"contact_upsert, Line: 51",142,142,43,2026-03-27 07:07:01.050000,2026-06-11 17:09:01.153000
franchise_consumer_alias_process,"franchise_consumer_alias_upsert, Line: 90",128,128,53,2026-03-28 10:34:01.050000,2026-06-13 06:16:03.317000
"PrepareLead, Version=1.0.0.0, Culture=neutral, PublicKeyToken=null",GetFranchiseConsumerAliasRow Failure,128,128,53,2026-03-28 10:34:01.050000,2026-06-13 06:16:03.317000
RLScriptService,6ABBD2DD-125B-4178-A794-6C7FFFB162DD,118,118,33,2026-03-27 10:47:46.150000,2026-06-09 09:19:28.367000
RLScriptService,19AB2F43-DEFE-4875-B16D-3883FE8F0A14,118,118,33,2026-03-27 10:47:45.950000,2026-06-09 09:19:28.150000
RLScriptService,"""",118,118,33,2026-03-27 10:48:08.703000,2026-06-09 09:20:30.507000
RLScriptService,RapidTouchDetailReport.ps1,108,108,2,2026-04-27 01:00:23.470000,2026-04-28 02:30:36.343000
RLScriptService,VehicleConfigErrorMonitor.ps1,105,105,3,2026-04-26 12:00:22.020000,2026-04-28 10:46:08.570000
RLScriptService,VehicleConfigSummaryHourlyReport.ps1,101,101,3,2026-04-26 12:00:05.750000,2026-04-28 10:15:11.967000
RLScriptService,CustomerInventorySourceMapReport.ps1,95,95,3,2026-04-26 12:00:05.750000,2026-04-28 11:00:10.250000
RLScriptService,PrepareLeadQueueReprocessTxnAlert.ps1,95,95,3,2026-04-26 12:00:05.750000,2026-04-28 10:15:12.030000
RLScriptService,CloudExportManage.ps1,80,0,80,2026-03-26 23:00:56.617000,2026-06-13 23:00:57.137000
RLScriptService,AzureFunctions.ps1,80,0,80,2026-03-26 23:01:14.303000,2026-06-13 23:01:22.513000
customer_inventory_refresh,"customer_inventory_refresh, Line: 14",80,80,80,2026-03-27 00:03:01.287000,2026-06-14 00:03:00.797000
RLScriptService,HyundaiOptionDescriptionImport.ps1,79,0,79,2026-03-27 22:01:28.810000,2026-06-13 22:01:07.353000
RLScriptService,HyundaiGenesisRegionalInventoryUpload.ps1,79,0,79,2026-03-27 22:01:19.700000,2026-06-13 22:01:56.603000
RLScriptService,KiaImport.ps1,79,0,79,2026-03-27 22:01:19.637000,2026-06-13 22:00:59.837000
RLScriptService,ToyotaSETImport.ps1,79,0,79,2026-03-27 22:01:19.620000,2026-06-13 22:01:07.180000
database_maintenance_process,Send Email Log Archive,78,0,78,2026-03-26 23:01:00.663000,2026-06-13 23:01:00.933000
database_maintenance_process,"send_email_log_archive_process, Line: 40",77,77,77,2026-03-26 23:01:02.133000,2026-06-13 23:01:01.467000
database_maintenance_process,Mailbox Archive,77,0,77,2026-03-26 23:01:00.650000,2026-06-13 23:01:00.933000
database_maintenance_process,"mailbox_archive_process, Line: 40",76,76,76,2026-03-26 23:01:02.117000,2026-06-13 23:01:01.450000
customer_inventory_source_upsert,"customer_inventory_source_upsert, Line: 66",72,72,25,2026-03-27 10:33:00.927000,2026-06-08 09:39:00.877000
RLScriptService,CustomerInventoryUpload.ps1,69,0,30,2026-03-27 10:29:54.200000,2026-06-12 13:41:25.710000
exception_log_sender,"exception_log_sender, Line: 0",65,65,43,2026-03-28 10:22:00.793000,2026-06-14 05:34:01.167000
franchise_consumer_alias_upsert,"franchise_consumer_alias_upsert, Line: 64",65,65,38,2026-04-03 16:59:00.667000,2026-06-13 06:01:02.620000
franchise_consumer_alias_upsert,"franchise_consumer_alias_upsert, Line: 48",60,60,32,2026-03-28 10:34:01.050000,2026-06-13 06:15:00.813000
contact_upsert,"contact_upsert, Line: 56",56,56,16,2026-03-27 19:08:00.697000,2026-06-08 02:07:01.143000
PrepareLead,BuildADFOptions Log,50,0,31,2026-03-31 23:37:00.980000,2026-06-14 10:35:01.080000
franchise_rep_upsert,"franchise_rep_upsert, Line: 72",49,49,9,2026-04-01 12:07:00.853000,2026-06-02 09:51:01.673000
customer_contact_upsert,"customer_contact_upsert, Line: 67",38,38,9,2026-04-08 09:49:00.540000,2026-06-05 16:45:00.267000
customer_contact_upsert,"customer_contact_upsert, Line: 36",34,34,10,2026-04-30 10:44:01.150000,2026-06-11 09:12:01.033000
execute_at_2300,Roll Process Log,24,0,12,2026-03-28 23:01:00.503000,2026-06-13 23:01:00.933000
app_server_config_sender,"app_server_config_sender, Line: 0",22,22,18,2026-03-31 06:31:02.237000,2026-06-10 07:46:03.223000
execute_every_60_mins_process,Invoke SmartFollowReactivationsExport.ps1,22,0,11,2026-03-30 04:01:01.133000,2026-06-08 04:01:00.480000
execute_every_60_mins_process,Invoke smart_facts_report_process,22,0,11,2026-03-29 19:01:00.987000,2026-06-07 19:01:00.563000
