subject,n,p50_ms,p95_ms,p99_ms,bucket_0_to_10_ms,bucket_10_to_100_ms,bucket_100_to_500_ms,bucket_500_to_1000_ms,bucket_1000_to_2000_ms,bucket_2000_to_5000_ms,bucket_5000_to_10000_ms,bucket_10000_to_30000_ms,bucket_30000_to_60000_ms,bucket_60000_to_120000_ms,bucket_120000_to_300000_ms,bucket_300000_to_600000_ms,bucket_600000_to_1800000_ms,bucket_1800000_to_3600000_ms,bucket_3600000_to_1000000000000_ms
ExportConfigBlob.ps1,3059373,42,1122,5359,0,2425488,387164,74919,112976,26526,17037,13566,1483,196,18,0,0,0,0
EnqueueMessageToAzureQueue.ps1,234035,14955,55062,97841,1,0,0,0,7,23114,54877,106498,43187,5685,633,28,1,0,4
LeadHistoryCreateMsgFromAzure.ps1,126116,13729,52701,94385,8,1,0,0,0,4745,41198,59296,17914,2590,337,25,1,0,1
CustomerRapidTouchUpdateMsgFromAzure.ps1,114657,16178,54437,91109,5,0,0,0,0,3552,29099,56339,23183,2211,248,19,1,0,0
SmartQuoteNewFranchiseUpdateMsgFromAzure.ps1,114657,15731,54410,92341,5,1,0,0,0,4097,30427,55284,22249,2327,247,20,0,0,0
FranchiseVehicleQuoteUpdateMsgFromAzure.ps1,114654,12265,50742,87199,4,2,0,0,0,8447,39647,49638,14749,1892,245,28,1,0,1
FranchiseConsumerMgmtUpdateMsgFromAzure.ps1,114652,15510,51875,83819,2,1,0,0,1,2447,29981,62311,17943,1699,245,19,2,1,0
FranchisePixelTrackingUpdateMsgFromAzure.ps1,114652,14814,53706,90933,5,0,0,0,1,4881,33290,53523,20496,2183,254,19,0,0,0
FranchiseRegionUpdateMsgFromAzure.ps1,114652,16858,54866,92598,5,1,0,0,0,3384,26392,57939,24339,2309,260,20,2,0,1
FranchiseVehiclePricingUpdateMsgFromAzure.ps1,114652,13844,52994,91821,6,0,1,0,0,5789,36103,52104,18171,2169,272,35,1,1,0
SmartQuoteStatus.ps1,114652,26848,116256,244083,3,0,0,0,0,526,8258,53993,30348,16548,4942,30,2,2,0
FranchiseInventoryPricingUpdateMsgFromAzure.ps1,114651,17746,54860,91866,5,0,0,0,0,2845,21667,62837,24764,2256,247,29,0,1,0
CRMAutoResponseMsgFromAzure.ps1,114649,17146,54478,90274,4,1,0,0,0,2993,24373,61031,23834,2149,244,18,1,1,0
NDRLogMsgFromAzure.ps1,114648,16883,53861,88074,3,2,0,0,0,3151,24321,62604,22308,2009,229,19,1,1,0
SendEmailsFromQueue.ps1,114646,11098,45971,76288,10,1,0,0,407,4156,48028,49772,10620,1459,171,21,0,0,1
MailboxMsgFromAzure.ps1,114643,18134,54508,93482,3,0,0,0,0,1034,17579,71438,21888,2430,254,15,2,0,0
FranchiseVehicleQuoteRebuildFromAzure.ps1,22932,15810,53359,94434,2,0,0,0,0,512,5614,12802,3437,513,49,3,0,0,0
SmartFactsReportStatusUpdateMsgFromAzure.ps1,22931,14003,53258,97829,1,0,0,0,0,1609,6431,11174,3103,544,67,1,0,0,1
FranchiseVehicleExport.ps1,12076,90920,437056,711795,0,0,0,0,0,0,0,267,680,8490,1488,1008,143,0,0
CustomerInventorySourceUpdateFromAzure.ps1,11466,16308,57395,106395,1,0,0,0,0,325,2924,5577,2207,384,47,1,0,0,0
FranchiseVehicleConfigClientUpdateMsgFromAzure.ps1,11466,21494,57852,103376,1,0,0,0,0,292,847,6594,3334,361,35,2,0,0,0
ReactivationMsgFromAzure.ps1,11466,21995,57839,102206,1,0,0,0,0,211,797,6584,3484,357,30,2,0,0,0
RetryTxnAuto.ps1,11466,104888,276676,420431,1,0,0,0,0,64,60,160,240,6463,4283,165,23,4,3
CustomerInventoryCalculatedUpdateFromAzure.ps1,11465,22129,1249973,1674247,1,0,0,0,0,212,2190,4605,1949,386,178,219,1724,0,1
FranchiseConsumerTxnCreateFromAzure.ps1,11465,20829,56950,100022,1,0,0,0,0,271,823,6943,3086,307,32,2,0,0,0
FranchiseVehicleQuoteBlobExport.ps1,11465,19182,68379,119904,1,0,0,0,0,12,2067,6160,2545,566,94,14,5,0,1
SettingUpdateFromAzure.ps1,11465,16408,57005,106381,1,0,0,0,0,319,2735,5940,2048,372,48,2,0,0,0
SpamComplaintMsgFromAzure.ps1,11465,19981,55506,91784,1,0,0,0,0,269,892,7254,2789,237,22,1,0,0,0
UnsubscriptionEmailMsgFromAzure.ps1,11465,19735,54974,87512,1,0,0,0,0,271,955,7281,2728,210,18,1,0,0,0
FranchiseConsumerExport.ps1,11464,41341,112063,220622,1,0,0,0,0,0,27,3253,5298,2565,309,8,1,1,1
