component,total,in_window,negative_count,outlier_count_gt30d,p50_sec,p95_sec,p99_sec
lead_create_process,4418324,4416571,62,1691,34,184467,476991
lead_consolidate_process_2,3396005,3393900,0,2105,38,275348,516780
franchise_rep_update_pending_process_2,1215381,1214616,0,765,49,305735,527693
initiate_campaign_status_process,1006472,1006050,0,422,38,198296,483939
smart_quote_lead_status_upsert,551156,550827,0,329,229,327689,535063
franchise_consumer_franchise_rep_upsert,13778,13778,0,0,900,3268,17571
InitiateCampaign,657,657,0,0,37,207,287
"InitiateCampaign, Version=1.0.0.0, Culture=neutral, PublicKeyToken=null",511,511,0,0,884,3177,8843
QuoteVehicleSelection,368,368,0,0,34,398841,556479
SmartQuote,259,259,0,0,1535,466430,574178
franchise_consumer_alias_process,125,59,66,0,33,105,941
franchise_consumer_alias_upsert,125,59,66,0,33,62,941
exception_log_sender,61,10,51,0,34,134,255
PrepareLead,50,50,0,0,42,329244,535541
reactivate_consumer_process,7,5,0,2,437282,2160887,2499392
franchise_consumer_smart_follow_txn_upsert,7,7,0,0,38,170,268
lead_match_process,4,4,0,0,47,217,281
ParseHTTP,4,4,0,0,134,276,295
