database,schema,table,row_count,total_mb,used_mb
DataStaging,CDXP,JuiceReporting_HiddenTable_MarketingSummary,118073500,48476.945312,48466.500000
DataStaging,MLdata,grail_srpactions_daily,98852570,3543.273437,3542.750000
DataStaging,core,Stage_SurveyHistory,82826920,2853.648437,2853.500000
DataStaging,core,Stage_Surveys,78577255,15746.179687,15746.031250
DataStaging,RLData,lead_history,66995841,16669.132812,16665.320312
DataStaging,core,Stage_Txns,55184247,2331.375000,2331.210937
DataStaging,CDXP,JuiceReporting_Marketing_Summary,49152011,11973.421875,11972.406250
DataStaging,MLdata,PlatformAuto_Stats,31776870,3450.382812,3450.234375
DataStaging,CDXP,JuiceReporting_LeadPerformance_LeadSourceIndex,25446714,13753.570312,13752.242187
DataStaging,Google,VehicleDataFile,21202024,6642.867187,6637.156250
DataStaging,MLdata,GVAVDPDatav2,15860196,2724.351562,2724.195312
DataStaging,CDXP,JuiceReporting_CDXPTransactionsOverview,15635367,5549.164062,5548.906250
DataStaging,CDXP,mv_contact_stats,15394147,15501.492187,15499.937500
DataStaging,core,Stage_Review,14628458,14054.250000,14053.976562
DataStaging,CDXP,JuiceReporting_BlueSky_ServicePerf_V2,13262840,1614.281250,1613.976562
DataStaging,CDXP,JuiceReporting_BlueSkyOverview,13262840,13944.523437,13942.773437
DataStaging,CDXP,JuiceReporting_LeadPerformance,13225622,3563.289062,3563.187500
DataStaging,MLdata,VehiclePerformanceDailyV2,12607521,2065.851562,2065.132812
DataStaging,MLdata,VehiclePerformanceDaily,12500142,2045.109375,2044.664062
DataStaging,CDXP,JuiceReporting_BlueSkyOverview_v2,10779160,812.578125,812.421875
DataStaging,CDXP,JuiceReporting_CDXPCustomers,9720022,4537.546875,4537.390625
DataStaging,CDXP,JuiceReporting_RecipientLoss,8661265,1548.078125,1547.882812
DataStaging,RLData,smart_quote,8475447,7439.265625,7439.242187
DataStaging,CDXP,JuiceReporting_BlueSkyServicePerformance,8095604,4778.804687,4778.007812
DataStaging,MLdata,FEEDADS,8030440,33906.757812,33904.492187
DataStaging,MLdata,ListingVehicle,7815616,2321.242187,2321.171875
DataStaging,CDXP,JuiceReporting_TRANSACTION_SUMMARY,7790566,799.453125,799.242187
DataStaging,MLdata,Listing,7428822,23244.578125,23243.093750
DataStaging,core,Stage_SurveyResponse,7357723,2086.976562,2086.664062
DataStaging,CDXP,JuiceReporting_BlueSkyRecommendations,6666942,2882.179687,2881.656250
DataStaging,CDXP,JuiceReporting_BSR_equity,6063697,1816.578125,1816.460937
DataStaging,MLdata,GVAVDPData,5994636,1495.703125,1495.656250
DataStaging,CDXP,JuiceReporting_DataMiningTool,4706750,1616.703125,1616.632812
DataStaging,MLdata,Display,3917269,518.578125,518.523437
DataStaging,core,Stage_ReviewCategory,3744698,61.515625,61.484375
DataStaging,RLData,lead,3719180,4432.343750,4432.320312
DataStaging,LVData,youtube_videos,2981115,1263.312500,1263.046875
DataStaging,MLdata,Account,2082770,496.953125,496.875000
DataStaging,RLData,reactivation,1420146,743.593750,743.593750
DataStaging,CDXP,JuiceReporting_Marketing_Summary_Contact_eng,1131789,386.015625,385.890625
DataStaging,MLdata,PlatformAuto_Campaigns,1104704,142.828125,142.781250
DataStaging,MLdata,VDPPerformance,1060205,161.820312,161.781250
DataStaging,Google,DealershipDataFile,1046409,306.351562,305.828125
DataStaging,LVData,youtube_voice_recordings,960173,754.765625,754.562500
DataStaging,RLData,smart_follow_performance_report,880439,117.570312,117.531250
DataStaging,LVData,youtube_video_stats,616372,29.195312,29.195312
DataStaging,RPData,Leads,536986,117.195312,117.171875
DataStaging,RLData,smart_facts_report_data,499872,83.828125,83.820312
DataStaging,core,Stage_Review2024,424534,354.343750,354.125000
DataStaging,core,ReviewRocketSurvey,389522,63.015625,62.851562
DataStaging,CDXP,JuiceReportingBlueSkyCurrentLeads,358318,126.015625,125.914062
DataStaging,CDXP,JuiceReporting_MatchBacks,241220,101.578125,101.468750
DataStaging,core,t_Reviews,204624,128.875000,127.578125
DataStaging,MLdata,LeadQueue,204612,216.203125,215.367187
DataStaging,core,Stage_Review4M,182119,149.140625,149.023437
DataStaging,juice,Review,175437,162.203125,162.093750
DataStaging,core,Stage_Accounts,165485,35.570312,35.406250
DataStaging,core,Stage_Addresses,164722,14.382812,14.218750
DataStaging,MLdata,GVACampaignDataset,144247,18.132812,18.093750
DataStaging,dynamics,SalesOrderDetail,138278,33.507812,33.460937
DataStaging,core,Stage_MRSReviewRequest,128453,19.632812,19.570312
DataStaging,radar,Reviews,128353,138.890625,138.710937
DataStaging,core,Stage_MRSReviewRequestNotification,124791,54.882812,54.859375
DataStaging,clientdb,ClientConsolidated,93007,23.070312,23.007812
DataStaging,core,ReviewRocketSurveyResponse,57824,7.898437,7.554687
DataStaging,MLdata,_AllFlights,48978,22.382812,22.367187
DataStaging,dynamics,Account,43518,14.945312,14.937500
DataStaging,dynamics,Account_Lookup,43518,3.570312,3.375000
DataStaging,CDXP,Juice_ZipCode_Geo,33113,53.640625,53.437500
DataStaging,CDXP,ClientDetails,32538,12.445312,12.398437
DataStaging,RLData,ChatStatistics,27489,1.820312,1.781250
DataStaging,core,Stage_SocialAdsCampaign,22857,38.453125,38.367187
DataStaging,MLdata,FEEDDEALERS,22800,4.507812,4.492187
DataStaging,MLdata,__AllAdEzCampaigns,17794,8.195312,8.140625
DataStaging,zuora,AccountStage,11632,18.703125,18.539062
DataStaging,MLdata,ImportLog,10634,1.382812,1.367187
DataStaging,RLData,franchise,9920,4.257812,4.203125
DataStaging,CDXP,JuiceReporting_NEW_RECIPIENTS,9593,3.703125,3.593750
DataStaging,CDXP,JuiceReporting_MarketingPerformance,6919,1.515625,1.460937
DataStaging,MLdata,MLCommonClientIdMapping,6163,0.445312,0.390625
DataStaging,MLdata,ML_Account_Info,6159,1.007812,0.992187
DataStaging,LVData,youtube_settings,6098,0.695312,0.695312
DataStaging,RLData,customer,6024,1.070312,1.023437
DataStaging,core,Stage_ProductInventoryInternalFeedNodes,5714,0.570312,0.523437
DataStaging,radar,clientConfigurations,5696,12.898437,12.718750
DataStaging,core,ReviewRocketQuestion,5426,0.695312,0.671875
DataStaging,core,Stage_AccountHierarchy,3322,0.257812,0.101562
DataStaging,core,ReviewRocketQuestionOption,2522,0.132812,0.078125
DataStaging,core,ReviewRocketDealerSite,730,0.132812,0.117187
DataStaging,core,ReviewRocketConfiguration,497,0.320312,0.312500
DataStaging,AI,Log_Questions,134,1.906250,1.484375
DataStaging,core,ReviewRocketClickSite,103,0.070312,0.015625
DataStaging,RLData,make,76,0.070312,0.015625
DataStaging,dynamics,OptionSet,60,0.070312,0.015625
DataStaging,core,Stage_ReviewSite,30,0.070312,0.015625
DataStaging,AI,Log_Questions_insights,25,0.140625,0.062500
DataStaging,core,Stage_ReviewSource,11,0.070312,0.015625
DataStaging,core,Stage_ReviewSentimentDetail,10,0.070312,0.015625
DataStaging,core,Stage_ReviewSentiment,5,0.070312,0.015625
DataStaging,LVData,youtube_video_daily_stats,3,0.070312,0.015625
DataStaging,core,Stage_Category,2,0.070312,0.015625
DataStaging,core,Stage_TxnTypes,2,0.070312,0.015625
DataStaging,core,t_Surveys,0,124.453125,124.390625
DataStaging,MLdata,srpactions_daily,0,0.000000,0.000000
DataStaging,MLdata,VDPVINPerformance,0,0.000000,0.000000
DataStaging,RPData,Company,0,0.000000,0.000000
DataStaging,RPData,Messages,0,0.070312,0.015625
DataStaging,zuora,AccountingPeriodStage,0,0.000000,0.000000
